"";"LEtotalpop";"LEwomen";"LEmen";"Gemeente";"Gescheiden_32";"TotaalMetMigratieachtergrond_44";"Bevolkingsdichtheid_57";"GemiddeldeHuishoudensgrootte_89";"Woningdichtheid_93";"Koopwoningen_94";"GemiddeldeWoningwaarde_99";"AfstandTotZiekenhuis_216";"TotaleBevolking_1";"k_80JaarOfOuder_21";"k_80JaarOfOuder_12";"RegioS";"GemiddeldGestandaardiseerdInkomen_41";"InkomenTot120SociaalMinimum_13";"LagerOpgeleidenPercentage_5";"Percentage_eenpersoonshuishoudens";"gemeente";"ErvarenGezondheidGoedZeerGoed_1";"EenOfMeerLangdurigeAandoeningen_2";"NormaalGewicht_9";"VoldoetAanFitnorm_14";"UrenMantelzorgPerWeek_19";"WekelijkseSporters_16";"Totaal.bekende.CO2.uitstoot.2016"
"1";82,5;85;80;"Aa en Hunze";8,2;5,9;91;2,26;40;71,1;218;11,5;25243;5,6;1408;"GM1680";23000;8,2;12;26,3805309734513;"Aa en Hunze";79,5;33,5;43,7;28,6;12,8;46,3;NA
"2";80,9;81,9;79,8;"Aalburg";5,3;5,5;259;2,65;100;71,7;239;11,8;13038;3,8;490;"GM0738";23700;6,2;31;23,2916666666667;"Aalburg";78,7;24,9;47,4;21,2;9,7;38,3;NA
"3";83,2;85,7;80,8;"Aalsmeer";7,7;18,1;1555;2,41;640;63,1;269;9,7;31299;4,5;1398;"GM0358";25000;6,6;23;27,9453125;"Aalsmeer";80,5;31,3;49;26,9;8;54,3;NA
"4";82;84,1;79,9;"Aalten";6,1;11;279;2,35;122;69,4;185;14,5;26912;5,2;1397;"GM0197";23500;7,6;20;27,9130434782609;"Aalten";75,6;35;45,8;31,7;8,4;47,9;134297
"5";81;83,1;78,9;"Achtkarspelen";7,5;4;274;2,39;117;63,3;159;15,7;28007;4;1125;"GM0059";20900;13;30;28,7094017094017;"Achtkarspelen";81,3;35,9;40,8;26,1;NA;41,7;159597
"6";82,8;84,6;81,1;"Alblasserdam";7,2;13,6;2270;2,46;935;60,1;194;8,5;19955;4,9;985;"GM0482";22500;8,7;18;28,7283950617284;"Alblasserdam";75,3;33,4;47,9;19,9;NA;42,3;201343
"7";82,7;84,4;80,9;"Albrandswaard";8,8;19,3;1150;2,43;470;67,3;248;6,3;24985;3,8;944;"GM0613";24800;6,7;14;24,2571428571429;"Albrandswaard";77,9;32,1;47,8;22,3;NA;50,1;117913
"8";81,7;83,6;79,7;"Alkmaar";11;21,6;974;2,1;456;57,7;183;4;107615;4,1;4457;"GM0361";21500;11,9;16;38,8260869565217;"Alkmaar";72,6;36,2;52,7;28,2;8,7;53,3;579053
"9";79,7;81,6;77,7;"Almelo";9,8;24,9;1076;2,24;482;54,6;151;3,7;72425;4,4;3192;"GM0141";20100;17,6;21;33,3819875776397;"Almelo";72,3;38,2;42,9;32;10,2;47,1;571012
"10";81,8;83,3;80,3;"Almere";11,2;40;1533;2,38;617;63,8;181;4,4;198145;2;4009;"GM0034";21000;16;17;31,0220858895706;"Almere";73,2;34,1;44;18,7;16,4;49,7;831527
"11";82,2;83,5;80,8;"Alphen aan den Rijn";8,6;18,5;854;2,31;363;63;214;4,3;107960;3,9;4175;"GM0484";23800;9;17;30,8211206896552;"Alphen aan den Rijn";76,7;36,6;46,9;28,7;9,1;51,1;491286
"12";84;85,1;82,7;"Alphen-Chaam";6,5;13,4;107;2,43;45;75,3;290;11,9;9924;4,7;462;"GM1723";27500;7,7;21;22,95;"Alphen-Chaam";79,1;29,4;50,3;31,6;12,2;54,7;69192
"13";83,3;88;78,9;"Ameland";6,3;6,5;62;2,19;29;65,7;222;46,5;3611;4,2;153;"GM0060";NA;9;15;35,875;"Ameland";79,3;31,2;43,3;34,1;NA;39;32505
"14";81,6;83,2;79,7;"Amersfoort";9,6;23,6;2447;2,27;1040;57,8;223;3,7;153602;3,5;5426;"GM0307";21800;10,6;13;35,3488023952096;"Amersfoort";77,1;31,7;53,8;27,5;8,7;57,1;789897
"15";82,6;84,2;80,8;"Amstelveen";8,8;39,7;2150;2,06;1045;45,3;261;2,3;88602;5,9;5264;"GM0362";23500;8,7;10;45,2647058823529;"Amstelveen";80,2;29,6;55,9;25,1;12,7;56,3;454901
"16";80,5;82,3;78,5;"Amsterdam";10,5;51,7;5042;1,81;2567;29,6;253;2,7;833624;2,7;22778;"GM0363";20100;24,7;10;56,6690334402199;"Amsterdam";75,6;31,3;57,8;21,9;12,8;56;4687357
"17";81,3;82,7;79,7;"Apeldoorn";9,5;16,4;468;2,21;208;58,9;204;5,7;159025;4,9;7808;"GM0200";21900;11,1;17;33,3597222222222;"Apeldoorn";78,3;35,8;49,7;28,4;13,1;57;1192593
"18";79,9;82,4;77,4;"Appingedam";9,9;13,3;505;2,09;247;48,3;131;3,9;12001;6,1;734;"GM0003";20700;16,4;26;34,051724137931;"Appingedam";67,9;48,9;40;26,7;14,7;36,8;NA
"19";80,1;81,7;78,3;"Arnhem";10,6;30,3;1571;1,96;743;43,9;170;4,9;153818;3,5;5353;"GM0202";19500;19,1;12;46,4823066841415;"Arnhem";76,2;38;53,3;20,2;NA;52,8;966424
"20";81,5;82,7;80,1;"Assen";10,7;14,6;819;2,17;375;58,5;161;4,3;67061;4,7;3165;"GM0106";20400;13,8;13;34,9647435897436;"Assen";74,4;34,8;51,7;32,8;10,5;49,1;350107
"21";82,4;84,6;80,2;"Asten";6,4;10,1;236;2,35;96;70,6;261;13,3;16580;4,3;714;"GM0743";25500;9,2;25;29,2857142857143;"Asten";75,8;30,3;51,1;29,2;8,5;52,5;247999
"22";81,4;83,6;79,3;"Baarle-Nassau";8,1;25,3;87;2,23;36;68,9;245;18,6;6611;5,8;383;"GM0744";NA;9,4;29;29,6;"Baarle-Nassau";71,5;32,3;45,7;24,1;10,1;46;69044
"23";80,1;81,8;78,2;"Baarn";10,4;16,7;754;2,14;356;58,6;281;1,9;24521;6,2;1521;"GM0308";23500;9,2;15;34,9152542372881;"Baarn";77,5;33,3;54,4;30,2;8,2;54,1;161223
"24";83,7;85;82,3;"Barendrecht";8;22,3;2412;2,53;953;68,3;241;4,5;47861;3,6;1712;"GM0489";24400;7,5;13;23,5691489361702;"Barendrecht";80,9;28,5;51,4;25,2;10,6;47,8;294829
"25";82,1;83,8;80,3;"Barneveld";5,5;8;315;2,64;119;66,9;268;16,5;55441;4,1;2254;"GM0203";24100;6,5;23;26,8627450980392;"Barneveld";81,4;31,1;50,4;28,5;10;50;486665
"26";82,4;84,4;80,4;"Bedum";6,9;7,1;234;2,33;103;67,6;171;10,4;10433;4,1;426;"GM0005";21400;8,9;13;26,195652173913;"Bedum";79,3;36,4;46;28,9;7,1;45;NA
"27";84,7;86,1;83,1;"Beemster";7;9,3;127;2,4;52;73,2;296;7;8958;4,9;437;"GM0370";25900;8,9;14;26,6052631578947;"Beemster";83;30,5;49,2;25,3;8,1;50,4;NA
"28";82,6;83,9;81,2;"Beesel";7,8;15,6;477;2,3;209;66,2;185;1,5;13388;5;665;"GM0889";22600;11,3;20;27,5172413793103;"Beesel";71;37,1;45;27,4;14,9;47,3;NA
"29";79;80,2;77,8;"Bellingwedde";9,1;11,2;83;2,19;38;71,2;160;10,3;8971;5,8;517;"GM0007";21300;14,3;30;31,8292682926829;"Bellingwedde";73,5;38,8;43,2;20,3;NA;38,8;NA
"30";80,3;81,7;78,9;"Berg en Dal";7,7;13,6;400;2,19;177;59,9;216;10,3;34574;5,9;2051;"GM1945";22500;9,6;19;31,3885350318471;"Berg en Dal";75,9;35,2;47,5;28;9,7;55,3;206999
"31";82,8;84,4;81,3;"Bergeijk";6,8;9,4;181;2,4;77;77,9;271;13;18253;4,4;801;"GM1724";24000;7,5;20;25,5333333333333;"Bergeijk";79;31;44,8;27,1;7;53,7;NA
"32";81,3;82,5;80;"Bergen (L.)";7,6;15,2;127;2,34;54;68,4;204;13,2;13090;4,7;620;"GM0893";23300;8,9;22;26,2678571428571;"Bergen (L.)";73,1;37,6;42;26,6;10,1;48,6;124179
"33";81,9;83,3;80,4;"Bergen (NH.)";10,3;12,4;308;2,12;154;65,2;347;8,3;29943;7,5;2247;"GM0373";23900;10,3;14;33,979020979021;"Bergen (NH.)";76,1;35,8;55,4;38,3;11,4;53,9;158851
"34";81,1;82,4;79,5;"Bergen op Zoom";10,4;24;829;2,2;372;57,2;196;3,6;66237;4,8;3149;"GM0748";21600;15;18;32,5016393442623;"Bergen op Zoom";71,5;32,9;45,7;25,9;11,3;49,1;1110483
"35";82,7;85;80,4;"Berkelland";5,7;7,7;172;2,34;75;65,8;198;18,8;44437;5,3;2342;"GM1859";24000;7,5;20;27,4761904761905;"Berkelland";78,6;35,3;44,8;28,9;9,3;53,5;311202
"36";81,6;83,3;79,8;"Bernheze";5,8;7,7;333;2,51;134;71,4;267;8,8;29880;4,8;1438;"GM1721";25200;7,8;22;24,1596638655462;"Bernheze";72,1;34,2;52;34,1;7,5;57,2;228416
"37";82,4;83;81,6;"Best";8,2;14,7;845;2,39;351;71,6;254;9,4;28976;3,9;1138;"GM0753";22900;8,2;13;26,7731092436975;"Best";72,8;33,7;44,8;25,8;13,8;55,9;238359
"38";82,3;83,7;80,8;"Beuningen";8,3;12;579;2,35;244;67,2;224;8,8;25289;3,6;918;"GM0209";22200;8;18;26,3867924528302;"Beuningen";77,1;29,8;47,5;27,6;9,5;58;NA
"39";81,1;83;79,1;"Beverwijk";11;25,3;2202;2,14;1029;52,6;176;2,2;40318;4,7;1887;"GM0375";21400;14,1;16;37,4108108108108;"Beverwijk";73,5;35,1;45,8;26,3;8,7;50,8;225204
"40";83,3;84,4;82;"Binnenmaas";7,7;8,3;415;2,31;182;68,8;226;9,7;28771;4,8;1386;"GM0585";24800;6,8;20;27,1612903225806;"Binnenmaas";80,4;29,9;40,5;25;13,4;44,8;239037
"41";81,8;83,6;80;"Bladel";6,8;9,4;265;2,37;112;74,5;264;15,3;19966;4,4;888;"GM1728";24600;7,9;22;27,297619047619;"Bladel";76,8;27,7;44,6;25;8,1;54,2;149865
"42";82,8;84,5;81,1;"Blaricum";10,1;18;863;2,23;391;66,9;530;4,3;9622;5,2;497;"GM0376";25800;11,8;17;32,4390243902439;"Blaricum";75,9;34,9;58,5;33,5;11;54,3;66782
"43";82,8;84,9;80,4;"Bloemendaal";8,9;17,8;561;2,3;243;70;554;5,3;22296;7,9;1763;"GM0377";27000;7,6;8;30,5151515151515;"Bloemendaal";84,2;30,7;61,6;42,9;8,8;66,4;112725
"44";83,5;85,4;81,5;"Bodegraven-Reeuwijk";6,9;11,9;442;2,45;185;70,6;266;7,3;33451;4,3;1434;"GM1901";25000;7,1;24;27,134328358209;"Bodegraven-Reeuwijk";81,2;36,2;50,2;29,2;7,3;50,5;309612
"45";80;82,3;77,9;"Boekel";5,7;7,3;297;2,57;115;74,3;246;11,3;10254;3,9;403;"GM0755";NA;8,7;22;23,05;"Boekel";79,6;27,4;52;30,8;6,1;57,7;68543
"46";81,5;82,9;80;"Borger-Odoorn";7,7;5,6;92;2,28;43;70,4;172;11,6;25371;5,1;1294;"GM1681";22500;10,8;24;26,4684684684685;"Borger-Odoorn";77,7;35,9;40,4;24,7;NA;43,7;153276
"47";82,3;83,2;81,4;"Borne";7,3;11;859;2,38;358;67,2;205;6,1;22343;4,8;1064;"GM0147";22600;8,3;14;26,6847826086957;"Borne";79,8;31,8;45,3;35,3;9,3;57,5;118194
"48";83,3;86;80,6;"Borsele";7,8;8,4;160;2,39;68;71,8;206;10,2;22612;4,5;1026;"GM0654";24100;6,8;22;27,7578947368421;"Borsele";76,9;27,4;53,7;27;9;44,2;NA
"49";82,9;84;81,8;"Boxmeer";6,8;11,9;255;2,32;107;68,4;237;5,1;28465;5,1;1460;"GM0756";24600;7,5;18;28,3916666666667;"Boxmeer";76,1;31,5;54,5;30,2;10,9;58,8;309914
"50";81;82;79,8;"Boxtel";8,4;14,9;477;2,26;209;60,6;235;12,9;30406;4,6;1386;"GM0757";23000;11,1;16;31,8270676691729;"Boxtel";78,8;29,6;48,8;33,7;8,3;54,2;NA
"51";80,9;82,5;79,1;"Breda";9,3;22,7;1442;2,06;648;55,1;225;3,3;181611;4,5;8230;"GM0758";21500;13;15;42,4074074074074;"Breda";73,5;29,6;52,9;25,4;11,6;55,4;1115790
"52";80,9;81,8;80,1;"Brielle";10;13,1;604;2,21;279;64,8;214;15;16640;4,5;750;"GM0501";24200;8,7;18;31,1081081081081;"Brielle";74,6;35,3;42,4;29,9;NA;58,3;177882
"53";82,9;84,7;81;"Bronckhorst";6,2;5,7;129;2,35;57;67,9;241;8,3;36510;5,7;2095;"GM1876";23600;7,8;19;26,1273885350318;"Bronckhorst";78,3;34,8;44,1;29,6;7,2;57,5;303115
"54";82,7;84,4;80,9;"Brummen";7,5;11,6;249;2,28;110;59;233;10,2;20938;5,6;1176;"GM0213";22000;8,9;22;27,752688172043;"Brummen";79,8;36,3;45,2;31;9,9;52,7;NA
"55";79,2;80,6;77,5;"Brunssum";11,7;23,9;1653;2,06;843;59,6;131;10;28448;5,8;1658;"GM0899";20600;19,4;20;34,7785714285714;"Brunssum";65,6;42,2;40,5;16,8;14,2;42,5;NA
"56";86,3;87,7;84,6;"Bunnik";6,9;12,3;400;2,31;170;73,6;276;5,4;14773;5,6;830;"GM0312";25100;4,6;9;30,1587301587302;"Bunnik";81,3;29,5;57,7;31,8;8,2;57,2;NA
"57";81,8;83,7;79,9;"Bunschoten";5,4;9,5;684;2,63;266;73,8;254;8,8;20823;2,9;608;"GM0313";24900;5,7;28;24,1153846153846;"Bunschoten";78,6;28,5;47;27,1;5,4;49,8;151702
"58";81,1;82,9;79,4;"Buren";7,2;7,4;195;2,46;77;73,2;271;9,9;26202;3,4;886;"GM0214";24400;8,1;23;24,2211538461538;"Buren";74,8;34,9;47,7;22;12,9;42,9;151323
"59";81,6;83,2;79,8;"Capelle aan den IJssel";10,8;33,6;4675;2,15;2161;51,3;172;3,4;66486;4,5;2965;"GM0502";21400;17,7;17;36,442996742671;"Capelle aan den IJssel";73,5;35,5;46,2;23,7;9,8;50,8;258568
"60";83,3;84,7;81,9;"Castricum";7,8;10,6;699;2,26;312;73,8;255;9;34604;6,1;2127;"GM0383";23800;6,2;10;31,4671052631579;"Castricum";79,9;33,3;57,7;39,7;8,8;58,6;156403
"61";80,8;82,3;79,1;"Coevorden";7,7;8,4;120;2,27;52;68,8;185;15;35381;5,5;1935;"GM0109";21300;13,3;21;28,9554140127389;"Coevorden";74,4;35,5;45,4;29,2;NA;43;347848
"62";81,6;83,5;79,6;"Cranendonck";7,9;15,5;271;2,31;115;74;233;11,4;20660;4,7;971;"GM1706";24600;8,5;19;26,4252873563218;"Cranendonck";73,4;31,6;53,2;26,4;11;55,3;NA
"63";82,9;84,5;81,1;"Cromstrijen";8,1;6,9;234;2,31;103;70,3;230;19,1;12755;4,4;558;"GM0611";26000;5,9;17;27;"Cromstrijen";81,9;32,3;44,3;25,6;NA;47,9;100778
"64";80,9;83,6;78,2;"Cuijk";8,3;18,8;481;2,31;211;62,7;200;10,8;24608;4,1;1018;"GM1684";22100;10,1;17;29,8971962616822;"Cuijk";70,9;37,9;48,1;28,8;10;53;NA
"65";81,4;82,6;80,2;"Culemborg";9,2;22,2;944;2,33;405;61,4;216;16,7;27644;3,8;1042;"GM0216";22700;11,9;20;30,8813559322034;"Culemborg";76,3;34,3;50,5;27,8;10,9;52,5;136068
"66";83,2;84,9;81,4;"Dalfsen";4,7;4,9;169;2,5;69;72,5;252;14,2;27916;4,7;1303;"GM0148";24000;6,5;22;24,8918918918919;"Dalfsen";82;31,4;52,2;26,9;12,5;50,7;170874
"67";81,3;82,5;79,9;"Dantumadiel";6;3,7;224;2,42;95;62,4;165;20,6;19015;5;944;"GM1891";21500;12,7;26;27,3164556962025;"Dantumadiel";77,1;35;45,2;25;NA;38,9;80475
"68";82,7;84,1;81,1;"De Bilt";9,1;16,7;641;2,19;291;58,4;329;5,2;42375;7,3;3098;"GM0310";25600;9,3;11;36,5958549222798;"De Bilt";75,9;32,5;57,3;33;9,3;61,4;274647
"69";82;83,5;80,4;"De Fryske Marren";7,4;7,2;146;2,33;65;67,1;193;14,9;51265;4,8;2468;"GM1940";22500;10,1;19;29,2181818181818;"De Fryske Marren";83,3;26,5;52,3;26,7;8,4;44;465475
"70";81,2;83,4;79,3;"De Marne";9,3;5,8;59;2,15;31;66,3;140;26,1;10101;4,8;484;"GM1663";22800;13,5;24;35,7872340425532;"De Marne";74,9;39,8;41,5;24,2;NA;40,7;73064
"71";83,1;85,5;80,7;"De Ronde Venen";8,3;15,1;426;2,35;176;65,1;304;11,2;42576;4,4;1858;"GM0736";25500;8,2;16;28,6944444444444;"De Ronde Venen";76,2;33,2;53,7;27,5;10,5;55,7;NA
"72";81,8;83,6;80,1;"De Wolden";6,7;4,5;106;2,38;45;72,4;247;8,5;23722;5,9;1411;"GM1690";23500;8,3;19;26,13;"De Wolden";84,2;29,4;49;27,7;8,5;47,5;NA
"73";81,7;83,3;80,1;"Delft";8,6;32,8;4422;1,76;2172;37,6;180;2,3;101034;3,9;3892;"GM0503";21100;18,2;11;61,4304761904762;"Delft";78,3;33,5;55,4;25,3;9,1;57,9;605305
"74";79,7;81,5;77,8;"Delfzijl";9,2;17,2;188;2,12;92;61,8;122;4,2;25068;6,1;1524;"GM0010";20400;17,7;22;33,563025210084;"Delfzijl";68,7;44,9;40,7;26,1;NA;40,9;1655640
"75";80,4;81,9;78,8;"Den Helder";12;19,3;1248;2,06;620;52,4;142;4,1;56275;4,8;2694;"GM0400";20600;18,5;21;36,5144927536232;"Den Helder";70,8;37,7;39,7;25,2;9,6;44,6;352424
"76";80,4;82,9;78,1;"Deurne";6,9;8,6;273;2,36;115;65,1;240;13;31878;4,6;1457;"GM0762";23400;10,2;22;27,8;"Deurne";77;32,1;49,5;29,2;8,3;50,2;224070
"77";81,4;82,8;79,9;"Deventer";9,3;21,3;753;2,17;333;55,7;183;3,9;98869;4,4;4380;"GM0150";20600;13;14;36,885393258427;"Deventer";77,4;37,4;49,5;28,3;9,3;54,5;627276
"78";82,7;83,7;81,5;"Diemen";9,4;41,9;2238;1,97;1102;38,7;198;5,1;26840;4;1080;"GM0384";22900;15,9;12;51,3333333333333;"Diemen";78,3;29,3;50,5;25,3;15,9;54,5;180985
"79";82,3;84,3;80,1;"Dinkelland";4,5;8,2;149;2,59;60;71,8;239;19,1;26120;5,4;1411;"GM1774";27300;5,9;16;24,5247524752475;"Dinkelland";85;28,5;51;29,2;7,4;59;173669
"80";80,8;82,3;79,4;"Doesburg";11,3;19,7;982;2,16;454;51,2;185;10,7;11336;4,2;476;"GM0221";20900;16;23;33,6346153846154;"Doesburg";71,7;38,3;39,6;26,4;13,2;45,4;55289
"81";81,5;83,1;79,8;"Doetinchem";9;13,9;719;2,23;319;59,5;186;3,8;56827;4,9;2769;"GM0222";21300;11,3;17;32;"Doetinchem";74,6;39,1;45,2;32,7;8,6;54,2;376710
"82";81,6;83,3;79,7;"Dongen";8,2;12,5;867;2,33;368;69,3;220;7;25413;4,5;1131;"GM0766";22000;8,4;21;27,4;"Dongen";77,4;30,3;46,3;27,7;9,2;54,9;NA
"83";81,3;83,5;79,1;"Dongeradeel";7,7;5,5;144;2,3;65;63,4;143;28,4;23932;5,1;1219;"GM0058";21800;12,6;22;31,1981132075472;"Dongeradeel";80,2;32,2;49,6;31;NA;38,3;132042
"84";81,2;82,6;79,6;"Dordrecht";10,4;29,2;1511;2,14;698;55,7;158;2,7;118801;4,5;5401;"GM0505";21200;15,5;19;37,8047016274864;"Dordrecht";74,3;33,3;48,8;24,3;14,4;41,9;NA
"85";81,7;83;80,4;"Drechterland";6,8;9,7;329;2,41;138;73,7;229;10,5;19400;3,8;737;"GM0498";24900;8,7;23;27,2;"Drechterland";78,7;32,1;52,3;32,5;7,1;51,8;107394
"86";81,3;82,5;80,1;"Drimmelen";7,1;8,1;281;2,35;120;70,1;230;9,9;26815;4,2;1127;"GM1719";25400;6,4;24;25,0175438596491;"Drimmelen";73,4;31,3;44,9;24,5;10,4;52,5;212064
"87";83,7;85,8;81,7;"Dronten";8,1;15,2;122;2,33;49;64,2;191;18,1;40592;4;1632;"GM0303";21300;11,2;16;30,7857142857143;"Dronten";80,6;28,9;49,7;22,6;9,4;45,7;291467
"88";82,5;83,2;81,5;"Druten";7,9;11,4;488;2,39;203;63,2;218;17,9;18407;3,6;664;"GM0225";22000;9;24;24,961038961039;"Druten";76,6;33,8;41,6;24,3;7,9;49,1;NA
"89";82,7;84;81,2;"Duiven";9,3;13,3;750;2,39;314;64,2;200;5,2;25433;4,1;1044;"GM0226";21800;9,3;15;25,7641509433962;"Duiven";78,2;37;45,3;28,8;8,5;54,3;149633
"90";80,3;82,3;78,3;"Echt-Susteren";9;17;310;2,19;140;69,4;193;12,6;31943;5,4;1725;"GM1711";23900;10;19;28,7602739726027;"Echt-Susteren";68,9;36,4;44,5;25,8;10,9;43,4;NA
"91";82,3;83,8;80,9;"Edam-Volendam";6,7;8,3;652;2,44;275;77;232;9,8;35465;3,3;1173;"GM0385";24300;6,2;26;27,2620689655172;"Edam-Volendam";79,9;29,9;53,4;29,2;9,1;55,1;175575
"92";82,4;84,2;80,5;"Ede";7,5;15;353;2,35;154;62,7;226;5,1;112427;4,6;5165;"GM0228";22800;10,2;16;34,1297872340426;"Ede";77,1;34;52,2;27,4;8,4;52,4;755859
"93";85,9;87,6;84,3;"Eemnes";10,3;12,8;286;2,38;118;69,8;289;5;8877;3,8;338;"GM0317";24300;7,6;11;28,0555555555556;"Eemnes";80;33,4;48,6;32,8;8,3;53,3;104493
"94";81,3;82,9;79,6;"Eemsmond";8,6;6,6;84;2,21;39;59,9;142;21;15815;5;790;"GM1651";21600;13;21;32,7916666666667;"Eemsmond";74,8;38,4;41,6;25,8;10,3;37,7;476101
"95";81,1;83,3;79;"Eersel";6,9;8,4;225;2,36;97;72,9;283;9,8;18551;5,2;961;"GM0770";26200;7,3;15;27,1153846153846;"Eersel";79,7;25,3;51,1;33,8;10,2;61,9;148490
"96";82,3;83,5;81,1;"Eijsden-Margraten";6,9;12,5;324;2,33;141;73,6;233;6,9;25123;5,1;1291;"GM1903";25200;7,1;12;25,588785046729;"Eijsden-Margraten";75;33,3;48,5;21,8;10,3;49,3;180970
"97";81;82,9;79;"Eindhoven";10;32,6;2564;1,94;1218;44,6;206;3,1;224755;4,6;10289;"GM0772";20900;16,7;13;48,0179372197309;"Eindhoven";72,1;31,5;56,7;23,5;13,3;56;1453486
"98";82;84,5;79,4;"Elburg";6,3;5,7;359;2,52;144;63,9;227;21,9;22929;4,3;996;"GM0230";24500;7,4;26;25,1648351648352;"Elburg";79,7;36,1;44,5;24,7;10,4;49,7;135918
"99";80,4;82;78,7;"Emmen";9,5;11,6;321;2,21;147;61,5;148;7,4;107584;5,1;5442;"GM0114";20400;16,1;25;32,2041237113402;"Emmen";73,5;34,5;41,7;25,1;NA;36,8;748485
"100";80,5;82,4;78,7;"Enkhuizen";10,8;15,3;1455;2,15;681;59;177;19,1;18455;4,2;770;"GM0388";22800;13,2;22;34,8470588235294;"Enkhuizen";79,6;32,5;51,9;32,1;NA;48,9;123015
"101";80;81,5;78,5;"Enschede";9,4;28,2;1123;2,02;532;47,4;154;3,2;158351;4;6381;"GM0153";19900;20,2;17;44,2734375;"Enschede";72,4;37;47,3;28,1;11,4;52,3;798502
"102";82,5;84,5;80,5;"Epe";7,5;11,6;207;2,32;90;62,4;262;17,6;32282;6;1946;"GM0232";23500;9,3;24;28,5357142857143;"Epe";76,5;37;45,1;30,2;13,8;52,4;248982
"103";81,6;83,6;79,5;"Ermelo";7,8;10,1;310;2,31;126;61,1;264;6,2;26507;5,6;1477;"GM0233";23500;7,9;19;29,2222222222222;"Ermelo";79,4;38,1;49,9;33;13,8;52,4;NA
"104";81,4;82,5;80,2;"Etten-Leur";9,5;17,8;774;2,33;333;62,8;224;9,6;42832;3,9;1670;"GM0777";23100;10,6;19;28,0437158469945;"Etten-Leur";75,6;32,1;52,5;25,3;10,1;54;436962
"105";81,9;83,2;80,5;"Ferwerderadiel";7,4;5,9;89;2,37;39;68,4;149;18,6;8701;4,3;373;"GM1722";23900;9,8;21;29,1621621621622;"Ferwerderadiel";74,9;31,3;41,4;29,3;NA;43,9;61702
"106";81,4;83;79,9;"Franekeradeel";8,9;8,7;198;2,21;93;62,8;139;21,1;20265;4,4;898;"GM0070";21100;13,7;22;32,1075268817204;"Franekeradeel";78,5;35,7;48,2;29,4;NA;44,7;NA
"107";79,5;81,2;77,8;"Geertruidenberg";8,3;9,2;812;2,29;359;62,2;201;7;21630;4,2;901;"GM0779";23400;9,5;23;27,7578947368421;"Geertruidenberg";73,5;30,2;45;25,4;6,6;44,5;199665
"108";82,2;84,6;79,7;"Geldermalsen";6,7;8,9;264;2,49;106;71;269;13,5;26346;3,8;1003;"GM0236";25900;7,7;23;24,811320754717;"Geldermalsen";82,5;31,7;49,1;25,3;10,3;47,3;321250
"109";81,6;82,9;80,3;"Geldrop-Mierlo";8,9;16,2;1254;2,24;558;64,4;224;2,6;38893;4,9;1913;"GM1771";23200;12,3;15;31,242774566474;"Geldrop-Mierlo";73,4;36;47,5;31,8;12,9;54,5;224814
"110";81,3;83,2;79,4;"Gemert-Bakel";6,9;9,6;243;2,37;102;66;233;11,3;29647;3,9;1159;"GM1652";23500;9,3;20;28,1626016260163;"Gemert-Bakel";74,8;32,7;50,2;29,2;10,5;57,3;187361
"111";79,8;81,5;78,2;"Gennep";7,6;13,7;359;2,3;153;64,7;219;7,9;17085;4,8;813;"GM0907";22500;9,4;17;26,5897435897436;"Gennep";76,4;35;49,7;27,9;8,7;53;151412
"112";83,9;85,6;82,4;"Giessenlanden";6,3;6,6;229;2,5;93;73,8;273;6,3;14544;4,1;595;"GM0689";26200;6,1;18;24,0526315789474;"Giessenlanden";78,7;31,9;47,7;23,3;15,2;47,1;110193
"113";81,6;83,8;79,5;"Gilze en Rijen";8,3;15,8;399;2,34;170;61,9;227;9,6;26152;4;1043;"GM0784";22300;10,6;20;26,9909090909091;"Gilze en Rijen";74,3;33,2;40,5;27,5;14,9;54,9;195684
"114";82,3;84,2;80,4;"Goeree-Overflakkee";7,1;5,7;184;2,35;80;62;211;9;48321;5,1;2469;"GM1924";24400;6,8;23;28,1594202898551;"Goeree-Overflakkee";77;34;45,9;28,8;6;40,8;348578
"115";82,5;84;80,9;"Goes";10,1;15,2;402;2,12;192;57,9;198;4,4;37207;6,2;2318;"GM0664";22200;10,2;19;35,0395480225989;"Goes";74,4;31,5;46,7;36,3;8,5;48,8;263633
"116";82,2;84,1;80,1;"Goirle";8,2;11;549;2,32;235;69,2;247;4,6;23111;4,3;989;"GM0785";23600;8,9;19;26,75;"Goirle";75,4;35,8;47,8;33,6;12,6;57,1;96639
"117";82,8;84,1;81,2;"Gooise Meren";10,3;20;1363;2,2;628;62,1;336;4,7;56696;6,2;3535;"GM1942";22800;8,1;12;37,265625;"Gooise Meren";77,6;32,6;57,8;29;7,9;60;421576
"118";80,9;82,4;79,1;"Gorinchem";10,4;24,7;1868;2,22;853;46,7;192;2,2;35260;4,7;1650;"GM0512";21600;12,6;19;35,53125;"Gorinchem";74,7;33,2;47,2;24,2;16,4;49,1;333548
"119";81,6;83,4;79,7;"Gouda";9,7;24;4232;2,21;1895;54,9;176;2,1;71189;4,5;3224;"GM0513";21400;13;16;36,5295950155763;"Gouda";75,5;37,8;51,1;28,2;7,8;49,6;322185
"120";80,9;82,4;79,4;"Grave";8,3;14,3;465;2,29;195;66,7;201;14,2;12643;4,1;515;"GM0786";23400;8,1;16;28,4444444444444;"Grave";71,8;36,2;52,3;29,4;15,1;57,3;56530
"121";81,7;83,9;79,5;"Grootegast";6,2;3,6;140;2,5;57;72,3;191;17,9;12155;4,2;509;"GM0015";22200;9,4;28;24,5102040816327;"Grootegast";78,7;26,2;41,9;17,9;NA;42,7;73807
"122";81,6;83,3;79,9;"Gulpen-Wittem";7,7;14,4;198;2,18;93;63,6;201;10;14508;6;868;"GM1729";24700;9,9;17;29,4848484848485;"Gulpen-Wittem";74,7;35,9;47,7;14,9;9,3;42;84293
"123";81;83,2;78,8;"Haaksbergen";6,5;11,9;232;2,4;97;66,9;211;13,1;24332;5;1227;"GM0158";23100;8,7;17;26,8712871287129;"Haaksbergen";81;28,9;46,9;35,1;8,2;59,5;146098
"124";82,6;86,5;79,4;"Haaren";6,8;6,4;235;2,44;94;74;312;11;13570;3,8;522;"GM0788";24400;6,2;21;24,4035087719298;"Haaren";79,2;28,8;51,2;31,7;8,2;59,2;NA
"125";80,6;82,3;78,8;"Haarlem";10,4;27,4;5422;2,04;2526;52,6;228;2,5;158140;4,3;6810;"GM0392";22300;12,5;14;43,9711664482307;"Haarlem";78,5;31,6;53,3;26,2;10,9;57,5;638511
"126";85,5;88,9;82,3;"Haarlemmerliede en Spaarnwoude";8;14,9;290;2,34;119;67,9;267;5,4;5578;3,9;217;"GM0393";NA;9,8;17;30,4347826086957;"Haarlemmerliede en Spaarnwoude";83,7;28,2;50,4;31,7;NA;60,6;NA
"127";82,7;84,1;81,1;"Haarlemmermeer";9;24,8;811;2,38;335;65,4;248;5,5;144518;3,2;4651;"GM0394";23500;8,2;15;29,7923588039867;"Haarlemmermeer";79,3;30;48,5;25,4;10,5;55,8;1636317
"128";82,1;83,5;80,6;"Halderberge";7,8;14,2;396;2,29;175;63;227;11,5;29531;4,8;1424;"GM1655";23100;10,7;22;27,1171875;"Halderberge";73,6;30;44,1;25,9;17,6;49;NA
"129";81,4;83,4;79,4;"Hardenberg";5,9;5,8;191;2,51;76;67,8;200;8,8;59687;4,2;2498;"GM0160";22700;7,9;24;25,6877637130802;"Hardenberg";80,9;36,8;45,8;30,1;12,4;50,2;417865
"130";81,8;83,8;79,6;"Harderwijk";9,1;17,5;1183;2,34;486;58,2;230;2,5;45966;4,2;1914;"GM0243";21800;10,5;18;31,5128205128205;"Harderwijk";76,3;39;51,9;27,5;6,6;53,3;281013
"131";82,7;83,6;81,8;"Hardinxveld-Giessendam";5;6;1050;2,56;421;62,8;217;6;17774;4,7;842;"GM0523";24500;5,2;21;26,1142857142857;"Hardinxveld-Giessendam";78,8;30,3;49,7;22,7;NA;42,4;134110
"132";81,7;82,8;80,5;"Haren";8,8;12,2;420;2,17;190;69,1;261;6,6;19076;8,4;1611;"GM0017";24100;7;9;34,8068181818182;"Haren";80,4;34,4;54,8;33,3;8,9;53,2;111345
"133";79,6;81,4;77,9;"Harlingen";10,9;12;633;2,1;302;54,7;149;26,9;15813;5;792;"GM0072";19700;16,2;21;37,4266666666667;"Harlingen";75,8;30,7;46,4;30;NA;48;139832
"134";82,9;85,2;80,5;"Hattem";6,6;7,4;515;2,39;227;62,4;244;9,7;11890;5,4;642;"GM0244";23200;7,3;22;27,5510204081633;"Hattem";77,3;33,6;46,9;31,7;7,1;49,9;113909
"135";81,6;83,2;79,8;"Heemskerk";9,9;19,1;1444;2,24;641;57,1;213;4,5;39299;5,6;2195;"GM0396";23400;13;21;32,64;"Heemskerk";76,6;33,4;50,2;32,3;8,2;54,2;150379
"136";82,5;83,9;80,8;"Heemstede";9,9;18,3;2916;2,2;1364;63,2;379;4,1;26766;7,7;2074;"GM0397";25500;6,1;7;34,4672131147541;"Heemstede";81,1;34,6;56,7;39,7;12,7;68,2;NA
"137";81,6;83,1;80;"Heerde";6;5,6;236;2,42;99;68,2;248;18,3;18556;5,4;1000;"GM0246";24100;7,6;25;25,0779220779221;"Heerde";79,1;33,4;50,1;30,3;10,6;53,2;NA
"138";81,7;83,6;79,6;"Heerenveen";9,4;11,1;265;2,21;122;58,4;183;5,6;50290;5,5;2764;"GM0074";20900;11,1;16;33,9254385964912;"Heerenveen";79,8;33,7;50,7;31,9;15,5;51;410182
"139";82,1;83,1;81;"Heerhugowaard";8,9;19,6;1409;2,37;583;68,8;197;9,3;53927;2,9;1579;"GM0398";21500;9,7;16;29,0088888888889;"Heerhugowaard";74,6;33,6;48;26,3;11,5;53,1;314486
"140";79,5;81,3;77,6;"Heerlen";13,3;27,9;1944;1,91;1006;46,5;123;5,2;87406;5,8;5104;"GM0917";19900;26,1;22;42,8624454148472;"Heerlen";64,4;43,4;42,8;16,4;13,3;40,6;NA
"141";81,6;82,5;80,6;"Heeze-Leende";6,4;9,5;150;2,36;64;74,7;307;6,7;15650;5,7;899;"GM1658";24400;6,1;15;26,4848484848485;"Heeze-Leende";76,9;31,6;52,1;30,6;10,8;53,4;123038
"142";84,2;86,1;82,2;"Heiloo";8,5;11,9;1213;2,23;547;70,7;281;4,5;22689;7;1579;"GM0399";23100;6;10;31,3529411764706;"Heiloo";78,3;33,1;57,4;35,5;7,5;60,2;103045
"143";81;82,7;79,1;"Hellendoorn";6,2;6,5;258;2,43;105;70,1;219;15,3;35651;4,8;1702;"GM0163";23600;8,1;18;25,9662162162162;"Hellendoorn";79,7;32,8;47,6;33;7,3;56,3;238992
"144";82,4;83,8;80,9;"Hellevoetsluis";11;17,7;1227;2,23;549;64,5;190;16,1;38634;3,7;1446;"GM0530";22800;11,1;20;30,3390804597701;"Hellevoetsluis";74;40,2;44,1;26,9;NA;50,6;142334
"145";80,6;82,1;79;"Helmond";10,7;24,8;1695;2,27;741;52,8;197;3,3;90127;3,5;3132;"GM0794";20700;15,3;22;33,2941176470588;"Helmond";70,3;34,5;45,3;21,6;11;49,4;556145
"146";83,8;84,8;82,6;"Hendrik-Ido-Ambacht";7;13,6;2771;2,52;1105;68,8;215;2,5;29408;4,1;1217;"GM0531";23200;7,1;16;24,4782608695652;"Hendrik-Ido-Ambacht";81,7;27,8;48;25;10,1;44,4;124353
"147";81,9;83,2;80,7;"het Bildt";8,2;9;114;2,25;51;65;141;18,1;10525;4,7;492;"GM0063";21900;11,6;25;32,7333333333333;"het Bildt";76,6;31,1;46,9;23,3;NA;40;NA
"148";83,6;85,8;81,4;"Heumen";8,7;12,9;411;2,33;176;70;259;6,4;16360;5,1;837;"GM0252";23200;6,5;7;27,8;"Heumen";79,8;31,5;53,9;33,3;8,2;59,6;109176
"149";83,2;85,1;81,3;"Heusden";7,9;12,8;549;2,37;232;66,4;255;6,8;43274;4,2;1815;"GM0797";23000;9,7;23;27,0939226519337;"Heusden";74,1;30,2;46;26,7;8,9;49,8;344442
"150";81,2;83,2;79,2;"Hillegom";9,3;16,6;1638;2,23;730;63,2;224;8,8;21089;5,1;1074;"GM0534";24700;10,7;16;32,2340425531915;"Hillegom";77,3;33,9;48,3;32,4;10,3;52,5;95903
"151";82,7;85,4;80;"Hilvarenbeek";6,1;7,1;160;2,4;68;72,8;283;8;15164;4,2;641;"GM0798";24900;6,2;18;25,6129032258064;"Hilvarenbeek";78,2;27,7;48,5;30,6;8,7;61,6;93811
"152";81,1;82,9;79,3;"Hilversum";10,2;25,7;1926;2,08;902;53,1;251;2,9;87830;5,5;4816;"GM0402";22800;11,9;14;41,3166666666667;"Hilversum";76,2;31,6;57,6;26,9;12,3;52;434858
"153";81,4;83;79,6;"Hof van Twente";6,4;8,5;164;2,37;70;66;222;12,9;34881;5,8;2026;"GM1735";24000;8,1;20;27,6734693877551;"Hof van Twente";79,4;32,4;44,6;31,2;11;55,8;246735
"154";82,8;84,2;81,5;"Hollands Kroon";7,9;9,3;133;2,35;57;67,9;198;20,1;47546;4;1921;"GM1911";23300;9,3;20;28,4108910891089;"Hollands Kroon";77,8;31;47,2;25,5;8,9;45,7;806301
"155";81,6;83,5;79,5;"Hoogeveen";8,2;10;433;2,28;192;61,4;161;4,4;55240;5,2;2894;"GM0118";21600;13;29;31,5560165975104;"Hoogeveen";77,7;39,9;40,7;28,4;NA;43,3;NA
"156";79,9;82;77,8;"Hoogezand-Sappemeer";10,4;18,8;514;2,13;240;55,6;134;16,2;34177;5,2;1793;"GM0018";19900;20,4;21;34,2098765432099;"Hoogezand-Sappemeer";73,1;38,6;45,3;21,9;19,4;41,6;NA
"157";80,7;82;79,3;"Hoorn";11,2;22,4;3544;2,2;1592;59,1;181;2,9;72172;3,6;2581;"GM0405";21300;14;18;35,0369230769231;"Hoorn";75,5;33,2;47,8;26,2;10;54;288820
"158";82,1;84,2;80,1;"Horst aan de Maas";6,2;10;221;2,39;92;75,8;231;12,3;41675;4,5;1881;"GM1507";25300;7,8;18;26,1098265895954;"Horst aan de Maas";78,9;28,6;49,4;28,3;8,5;53,7;530439
"159";82,6;83,3;81,7;"Houten";7,8;14,3;885;2,5;355;66,9;254;9,2;48765;3;1443;"GM0321";24100;5,9;12;26,1907216494845;"Houten";80,5;29,4;56,1;29,1;6,4;61;236836
"160";81,9;83,4;80,2;"Huizen";10,6;19,8;2618;2,25;1176;57,9;261;5,3;41373;4,7;1954;"GM0406";22900;10,4;17;32,1413043478261;"Huizen";79,6;33,9;50,3;28,9;11,3;53,4;167920
"161";81,9;84;79,8;"Hulst";9,1;26,3;136;2,17;66;71,5;183;17,1;27372;6;1644;"GM0677";24000;8,5;23;31,0629921259843;"Hulst";71,6;35,7;45,4;27,7;11,1;46,4;235812
"162";82,8;84;81,4;"IJsselstein";9,7;19,5;1616;2,39;672;63,7;232;4,2;34101;3,7;1272;"GM0353";23000;9,4;16;29,1048951048951;"IJsselstein";76,2;34,3;47;27;12,9;52,4;NA
"163";82,5;83,3;81,6;"Kaag en Braassem";7,1;9,4;413;2,37;175;63,4;258;8,4;26108;4,2;1093;"GM1884";24300;6,8;19;27,4018691588785;"Kaag en Braassem";81,1;32,9;45,9;31,3;11,2;60,2;233226
"164";82,2;83,8;80,5;"Kampen";6,5;8,9;365;2,44;150;61,7;192;17,7;51950;3,9;2012;"GM0166";22500;8,6;20;29,2285714285714;"Kampen";76,5;34,1;47,2;24,7;10,4;48,8;357266
"165";83,8;85,2;82,3;"Kapelle";7,3;8,5;340;2,45;141;75,1;221;6,6;12639;5;629;"GM0678";21900;6;17;25,9607843137255;"Kapelle";78,1;29,5;49;27,9;10,7;46,4;167441
"166";80,7;81,6;79,7;"Katwijk";6,5;11;2610;2,47;1049;63,9;245;6,3;64239;3,8;2421;"GM0537";24400;7,6;25;29,2261904761905;"Katwijk";78,9;33,4;40,5;25,7;15,2;46,9;271428
"167";78,5;80,7;76,3;"Kerkrade";12,1;31,1;2101;1,99;1094;50,5;122;7,2;46023;5,7;2641;"GM0928";20800;23,8;25;37;"Kerkrade";63,2;44,4;40,8;13,9;12,7;35,8;NA
"168";81,7;83,2;80,2;"Koggenland";6,5;7,8;280;2,44;115;76,2;228;10,1;22471;4;892;"GM1598";26200;7,9;20;27,1182795698925;"Koggenland";82,1;25,2;52,8;31,3;8,5;58,9;203563
"169";79,6;82,2;77,3;"Kollumerland en Nieuwkruisland";6,7;4,3;117;2,37;50;68,7;164;24,1;12811;4,2;532;"GM0079";21200;11;20;28,7037037037037;"Kollumerland en Nieuwkruisland";73,8;37;34,9;25,1;NA;36,1;NA
"170";82,1;83,2;80,9;"Korendijk";7,4;6,1;142;2,44;59;73,1;221;23,4;10825;4,4;479;"GM0588";25800;4,1;20;25,4545454545455;"Korendijk";79,5;31,1;45,8;22;NA;39,6;46177
"171";83,2;85,4;80,9;"Krimpen aan den IJssel";7,4;14,2;3783;2,35;1604;58,9;215;5,8;29054;6,1;1759;"GM0542";23800;8,6;19;29,2049180327869;"Krimpen aan den IJssel";77,5;33;44;31,7;9;46;NA
"172";82,6;84,5;80,8;"Krimpenerwaard";6,8;10,2;365;2,37;156;63,5;229;11,2;54653;4,6;2512;"GM1931";23900;7,8;22;29,6740088105727;"Krimpenerwaard";77,6;35,9;45,9;26,1;9,6;48,4;274612
"173";81,7;83,3;80,1;"Laarbeek";7,1;7,9;397;2,4;167;67,3;242;6,7;21965;4,4;977;"GM1659";26100;8,4;23;25,8791208791209;"Laarbeek";76,4;28,9;48,9;27,7;7,9;52,3;207063
"174";81,5;82,8;80,3;"Landerd";5,8;6,9;217;2,49;85;73;268;8,2;15303;4,3;662;"GM1685";26600;6,8;20;25,1803278688525;"Landerd";73,3;29,3;49,6;30,2;12,5;56,6;122178
"175";81,6;83;80;"Landgraaf";10,9;23,1;1524;2,1;729;61,7;149;7,2;37465;5,2;1946;"GM0882";22100;17,4;23;32,05;"Landgraaf";69,4;39,7;44,1;19,3;10,1;42,2;NA
"176";84,8;86,1;83,4;"Landsmeer";8,4;15,3;487;2,31;207;64,3;287;4,4;10977;5;553;"GM0415";26000;9,6;13;30,1333333333333;"Landsmeer";78,5;32;50;29,1;8,9;52,8;44623
"177";83,7;84,8;82,5;"Langedijk";8;10,6;1149;2,41;473;72,6;237;9,7;27447;3,5;973;"GM0416";23700;9,7;17;26,4324324324324;"Langedijk";77,9;30,8;48,6;33,4;10,5;60,2;NA
"178";83,6;85,2;81,9;"Lansingerland";7,4;16,5;1090;2,6;423;71,9;264;7,8;59035;3,2;1875;"GM1621";24100;6,8;14;21,9321266968326;"Lansingerland";81,8;27,8;47,9;25,8;NA;59,9;844696
"179";82,7;85;80,2;"Leek";8,3;8,6;309;2,32;134;63,3;183;16,1;19536;4,9;958;"GM0022";21700;11,5;16;28,0116279069767;"Leek";80;37,4;45,7;27,6;10;48;150394
"180";80,7;82,3;79;"Leerdam";7,7;22,1;613;2,39;259;52,4;208;13,3;20711;4,8;995;"GM0545";22100;12,6;23;28,8965517241379;"Leerdam";74,1;31,7;45;25,1;NA;39;243682
"181";80,6;82,5;78,5;"Leeuwarden";10,1;16,8;699;1,92;351;48,5;132;4;107897;4,4;4764;"GM0080";19700;17,4;14;47,3345521023766;"Leeuwarden";76,4;36,1;50,8;27,4;10,3;50,6;733525
"182";82,5;85;80;"Leeuwarderadeel";6,9;7,5;249;2,35;106;73,6;166;10,2;10175;4,6;472;"GM0081";24500;10,2;17;25,6363636363636;"Leeuwarderadeel";83,6;31,5;39,7;34,9;NA;55,6;NA
"183";81,1;82,5;79,7;"Leiden";8,1;29,8;5580;1,82;2578;44,9;209;2,7;122561;3,4;4119;"GM0546";21700;14,4;10;56,0568720379147;"Leiden";77,1;34,6;57,3;25,7;12,1;59;556864
"184";84,1;85,8;82,2;"Leiderdorp";9;21,3;2335;2,21;1040;63,2;240;1,9;26968;5,3;1441;"GM0547";22800;8,6;15;33,8151260504202;"Leiderdorp";77;38,1;47,6;31,8;14,7;58,1;123498
"185";83,8;85,7;81,6;"Leidschendam-Voorburg";10,5;29,3;2275;2,05;1115;56,4;232;2;74223;6,3;4710;"GM1916";22300;12,5;11;41,2985915492958;"Leidschendam-Voorburg";75,1;38,8;49,3;25,4;9,1;49,6;343084
"186";80,1;81,3;79;"Lelystad";11,8;29,5;333;2,28;142;62,1;159;2,7;76792;2,5;1950;"GM0995";20900;17,6;21;32,6846846846847;"Lelystad";70,1;43,4;44,1;23,3;15,8;44;625859
"187";81,5;83,8;79,3;"Leudal";6,7;12;222;2,3;97;77,4;209;10,5;36140;5,2;1876;"GM1640";24300;7,6;19;27,3974358974359;"Leudal";76,8;31,1;48,8;26,5;8;47,7;NA
"188";83,5;85,2;81,5;"Leusden";8,5;12,8;500;2,33;212;69,4;264;7,8;29309;4,5;1308;"GM0327";24300;4,7;11;28,864;"Leusden";78,6;32,1;55,2;34,2;9,6;58;NA
"189";83,1;85,3;80,9;"Lingewaal";6,7;8,5;221;2,49;90;66,3;253;11,6;11112;3,6;405;"GM0733";25000;8,1;19;21,8444444444444;"Lingewaal";75,8;31,7;43,5;23,5;8,2;40;NA
"190";82,6;84,4;80,7;"Lingewaard";7,9;9,7;739;2,38;312;71,2;221;10,6;45950;4;1824;"GM1705";22300;7,2;16;25,7823834196891;"Lingewaard";80;34,8;42,9;31,1;9,2;57,1;290453
"191";83,1;84,7;81,4;"Lisse";8,7;12,6;1441;2,25;642;62,2;243;12,2;22606;5,1;1160;"GM0553";23200;7,5;19;32,3877551020408;"Lisse";79,6;35,6;50;30,2;13,1;53;95913
"192";82,2;84,8;79,8;"Littenseradiel";6,8;4,9;83;2,43;35;76,2;184;12,5;10833;3,8;411;"GM0140";25300;7,2;21;26,1111111111111;"Littenseradiel";80,5;28,3;52,1;28,5;NA;49,1;NA
"193";82,1;84;80;"Lochem";7,3;10,3;156;2,27;69;68,4;269;12,9;33333;6,9;2284;"GM0262";24600;8,7;17;28,4285714285714;"Lochem";78,7;34,8;48,9;30,6;9,2;58,2;280323
"194";81,5;83,2;79,7;"Loon op Zand";7,8;9,8;458;2,31;202;62,7;237;5,6;22929;4,9;1118;"GM0809";22800;8,9;19;26,56;"Loon op Zand";75,5;32,2;44,1;26,3;8,2;49,1;122781
"195";83,9;87,1;80,9;"Lopik";6,1;8,2;187;2,6;73;72,2;268;12,2;14156;3;428;"GM0331";27100;7,8;28;25,2777777777778;"Lopik";77,9;28,5;50,4;24,8;8,6;46,7;100394
"196";81,8;83,2;80,2;"Loppersum";8,5;6,1;90;2,26;42;64,9;144;14,3;10042;4,6;457;"GM0024";20700;11,5;18;30,6;"Loppersum";76;39,1;45,8;24,1;11,7;41,6;57540
"197";80;81,3;78,7;"Losser";6,9;14,4;227;2,38;97;67,2;203;12,2;22444;4,5;1009;"GM0168";23100;11;20;24,03125;"Losser";79,5;31,4;44,2;28,4;11,9;47,5;137515
"198";81,7;84;79,4;"Maasdriel";7,3;9,8;364;2,42;147;70,4;255;14,1;24084;4;955;"GM0263";24700;8,1;25;26,6161616161616;"Maasdriel";77,3;31,1;43,7;21,6;10,8;46,6;NA
"199";81,9;84,3;79,7;"Maasgouw";8,3;13,5;520;2,21;232;73,7;196;10,6;23757;5,7;1351;"GM1641";25100;8,7;19;27,3153153153153;"Maasgouw";74,9;32,5;45,7;26,3;10,8;45;189846
"200";81,7;82,9;80,6;"Maassluis";9,2;26,3;3803;2,19;1759;49,8;184;10,4;32292;4,8;1556;"GM0556";22200;16,7;22;33,2945205479452;"Maassluis";76,4;36,9;49,9;27,2;NA;50,3;100853
"201";80,9;82,7;79;"Maastricht";9,6;29,8;2175;1,76;1082;38,6;180;3,7;122533;5,2;6341;"GM0935";20200;19,4;16;57,4680511182109;"Maastricht";72,3;35,6;52,4;23,3;12,6;51,5;915054
"202";81,9;83,7;80;"Marum";7,1;6,3;160;2,43;67;71,5;209;14,5;10305;3,9;405;"GM0025";23100;8,5;18;25,3095238095238;"Marum";79,8;36,6;42,9;23,6;NA;44,7;123203
"203";81,2;82,9;79,5;"Medemblik";7,8;11,4;360;2,37;152;68,3;213;13,7;43725;3,7;1622;"GM0420";22800;8,4;22;28,2608695652174;"Medemblik";78,7;29,1;50;29,2;8,9;50,7;431890
"204";82,6;85,4;79,8;"Meerssen";8,2;12;706;2,23;318;69,5;222;8,7;19040;5,8;1105;"GM0938";24700;9,5;18;27,5581395348837;"Meerssen";73,1;38,8;47,3;21,8;10;49,2;NA
"205";82,3;84,7;80;"Menameradiel";7,2;5,5;197;2,35;85;72;165;12;13543;4,2;566;"GM1908";22200;8,7;19;28,1379310344828;"Menameradiel";77,7;34,3;47,3;28,4;NA;46,6;NA
"206";79,5;80,3;78,6;"Menterwolde";9,6;6,6;152;2,26;67;63,6;143;13,7;12233;3,2;396;"GM1987";21800;11,8;23;28,7962962962963;"Menterwolde";72,8;41,3;38,2;26;NA;41,7;NA
"207";81,1;82,6;79,4;"Meppel";10;10,8;590;2,22;273;56,5;182;4,1;32794;4,7;1537;"GM0119";21500;10,5;16;33,1140939597315;"Meppel";77,2;32,5;50,6;33,3;NA;49,7;280322
"208";84,2;85,8;82,5;"Midden-Delfland";5,8;10,4;399;2,48;162;72,3;280;4,8;18873;4,5;844;"GM1842";25200;5,2;19;25,472972972973;"Midden-Delfland";82,6;28,4;50,9;33,2;5,6;58,8;625943
"209";80,7;83;78,5;"Midden-Drenthe";7,6;7,3;98;2,31;41;69;193;13,8;33450;5;1689;"GM1731";23400;9,9;20;27,2344827586207;"Midden-Drenthe";79,6;31,3;44;27,3;NA;47,4;NA
"210";80,5;83,2;78,3;"Mill en Sint Hubert";5,9;5,7;207;2,44;85;72,2;240;12,3;10801;4,9;531;"GM0815";24800;6,8;20;25,3111111111111;"Mill en Sint Hubert";72,7;31,7;49,3;28,7;10,5;57,2;67787
"211";81,9;82,8;80,8;"Moerdijk";8,1;10,6;231;2,31;101;65,1;207;17,2;36762;4,4;1626;"GM1709";23800;8;20;27,8867924528302;"Moerdijk";72,2;34,7;43,1;25,7;14,3;48,9;1549893
"212";82,6;84,1;81,2;"Molenwaard";5;5,7;246;2,71;93;63,6;237;11,8;29067;3,6;1032;"GM1927";25500;4,3;23;23,8971962616822;"Molenwaard";82,6;27,9;41,7;20,5;7,3;40,3;203725
"213";81,6;83,5;79,7;"Montferland";7,4;11,5;333;2,32;145;64,8;195;8,3;35173;4,9;1739;"GM1955";23300;11,1;27;27,6912751677852;"Montferland";74,6;36;43,8;28,7;12,1;54;NA
"214";85,6;86,9;84,1;"Montfoort";6,8;9,3;366;2,5;148;73,7;257;6,7;13783;3,2;440;"GM0335";28300;5,3;23;25,5925925925926;"Montfoort";80,6;30,3;47,6;30,2;6,9;55;NA
"215";86,4;91,4;82,2;"Mook en Middelaar";8,2;13,6;446;2,24;205;73,3;261;8,7;7755;5,4;422;"GM0944";NA;7;11;29,5588235294118;"Mook en Middelaar";78,6;35,7;54,2;28,8;10,2;55,7;34693
"216";81,5;83;79,9;"Neder-Betuwe";5,6;6,8;384;2,71;140;61,8;218;14;23049;3,7;859;"GM1740";24200;6,9;26;23,7228915662651;"Neder-Betuwe";80,9;29,6;40,2;19,8;10,7;37;279607
"217";82,8;85,9;80;"Nederweert";6,2;8,2;168;2,35;72;68,7;236;7,2;16793;4,7;785;"GM0946";24700;9,6;26;25,9718309859155;"Nederweert";75,8;31,7;51;24,8;5,4;48,4;NA
"218";82,1;84;80,2;"Neerijnen";6,7;7,4;184;2,58;73;68,2;261;14;12122;3,5;426;"GM0304";26000;7,2;23;23,4782608695652;"Neerijnen";79,6;28;42,8;20,9;10,3;42,9;253094
"219";82,2;83,8;80,5;"Nieuwegein";10,3;25,4;2620;2,18;1179;58,9;198;2,6;61749;3,1;1896;"GM0356";23000;11,6;17;34,9064748201439;"Nieuwegein";73;35,3;45,5;26,3;10,6;50,2;392336
"220";82,2;83,7;80,6;"Nieuwkoop";6,5;9,2;350;2,43;138;71;269;10,5;27433;3,7;1027;"GM0569";25400;6,3;19;25,5663716814159;"Nieuwkoop";80;33,3;47;27;9,5;54,2;178931
"221";82,9;84,5;81,2;"Nijkerk";7;11,1;593;2,46;232;68,2;257;11,4;41199;3,9;1614;"GM0267";23100;7,5;21;27,6242424242424;"Nijkerk";80,3;30;53,9;26,8;NA;56,9;282230
"222";80,8;82,4;79;"Nijmegen";9,2;25,1;3210;1,8;1485;40,6;189;3,3;172064;3,6;6232;"GM0268";19900;17,1;10;55,284140969163;"Nijmegen";77,2;32,2;59;23,8;12,1;59,9;947554
"223";82,6;84,3;80,7;"Nissewaard";10,4;22,5;1025;2,19;470;57;164;3,2;85293;3,9;3337;"GM1930";22500;14,9;20;32,5621761658031;"Nissewaard";72,2;37;42,1;24,5;15,6;41,2;357156
"224";80,7;83,3;78,6;"Noord-Beveland";11;11,4;86;2,08;51;64,7;191;18,4;7421;6;442;"GM1695";NA;10,9;25;34,6388888888889;"Noord-Beveland";73,7;36,7;45,2;28,5;11,8;44,2;64309
"225";83,2;85,2;81,3;"Noordenveld";8,4;7,1;155;2,23;73;69,9;211;13;31039;6,3;1956;"GM1699";22000;10,4;17;29,4420289855072;"Noordenveld";82,5;30,6;47,8;32,3;NA;51,2;160713
"226";82,1;83,8;80,2;"Noordoostpolder";7,6;13,6;101;2,4;43;64,5;176;5,7;46439;3,9;1803;"GM0171";21700;11,5;17;28,4093264248705;"Noordoostpolder";75,6;31;50;24;13,7;49,2;NA
"227";81,6;82,5;80,5;"Noordwijk";9,5;16,4;720;2,14;343;62,5;328;9,6;25760;4,6;1175;"GM0575";24300;9;17;35,1818181818182;"Noordwijk";81,1;33,3;51,1;29;11,5;56,7;144127
"228";82,3;83,9;80,6;"Noordwijkerhout";8,6;14,4;715;2,3;307;60,5;254;11,9;16140;4,6;740;"GM0576";23800;10,3;18;30,7857142857143;"Noordwijkerhout";78,6;36,7;48,6;32,6;6,2;54,9;95836
"229";83,3;84,6;82,1;"Nuenen, Gerwen en Nederwetten";8,6;11,9;675;2,29;297;73,4;287;5,7;22763;4,8;1097;"GM0820";23500;9;12;27,6326530612245;"Nuenen, Gerwen en Nederwetten";79,1;29,8;55,1;35,3;7,5;61,5;NA
"230";82,5;84,5;80,5;"Nunspeet";6,2;6,3;208;2,53;81;62,5;253;14,2;26835;5;1337;"GM0302";23400;7,5;23;26,8317757009346;"Nunspeet";78,9;33;50,5;25,4;12;45,4;NA
"231";83,3;84,4;82;"Nuth";7,7;13;466;2,21;210;71,4;199;10,1;15425;6,2;953;"GM0951";22800;9,7;16;27,8450704225352;"Nuth";75,3;35,7;42,5;22,2;9,8;51,2;105480
"232";83;84,2;81,5;"Oegstgeest";9,1;22,1;3180;2,24;1422;71;324;2,4;23209;5,6;1306;"GM0579";23900;6,3;9;34,4368932038835;"Oegstgeest";80,5;34,4;59,6;31,5;9,1;62,3;93561
"233";81,9;82,9;80,8;"Oirschot";6,7;6,5;179;2,44;73;77,6;304;14,8;18199;4,8;874;"GM0823";25000;6,2;22;26,2162162162162;"Oirschot";77,5;29,8;48,3;29,4;8,7;59,2;204724
"234";82,2;84,1;80,2;"Oisterwijk";8,5;11;405;2,29;175;66,3;303;9,4;25835;5,8;1509;"GM0824";23900;9,5;20;29,5714285714286;"Oisterwijk";74,3;31,6;48,2;30,9;8;54,8;162446
"235";79,3;80,6;77,8;"Oldambt";10,3;10,2;169;2,1;81;62,1;128;4,6;38228;5,7;2172;"GM1895";20800;15,3;27;35,2513661202186;"Oldambt";71;40,5;34,3;25,7;NA;35,6;366297
"236";82,2;84,8;79,6;"Oldebroek";4,7;5,1;237;2,57;93;68;233;15;23104;4,2;979;"GM0269";25200;6,5;27;23,6931818181818;"Oldebroek";80,1;30,6;43,6;27,4;8,1;43,8;162474
"237";81,7;83,5;79,9;"Oldenzaal";7,9;15,2;1490;2,29;663;60,3;204;12,6;32110;5;1598;"GM0173";22500;10,1;16;30,5035460992908;"Oldenzaal";77,4;30;46,3;33,1;8,2;55,9;192728
"238";81,7;83,2;80,2;"Olst-Wijhe";6,7;7,4;157;2,4;65;67,5;219;14;17886;5;888;"GM1773";23000;7,3;16;26,027027027027;"Olst-Wijhe";76,3;37,9;46,7;29,7;7,2;53,9;115309
"239";82,3;83,1;81,4;"Ommen";6,3;8,5;98;2,36;39;68,3;234;17,1;17696;4,9;868;"GM0175";24000;7,9;21;28,6111111111111;"Ommen";82,5;31,5;46,5;31,6;12,3;51,7;287631
"240";82,3;84,9;79,7;"Onderbanken";8,9;20,2;372;2,26;172;72,3;169;10,8;7869;5;393;"GM0881";22000;12;26;26,8857142857143;"Onderbanken";64,2;41,4;38,3;22,1;NA;49,9;32299
"241";80,8;83;78,5;"Oost Gelre";5,8;8;269;2,37;116;72,8;198;11,5;29537;4,7;1392;"GM1586";23800;6,5;20;27,2222222222222;"Oost Gelre";80,4;31,1;48,8;33;7,2;59,4;193568
"242";81,8;83,4;80,1;"Oosterhout";9,6;18,9;756;2,24;339;58,6;212;2,5;54018;4,7;2518;"GM0826";22800;11,7;20;31,4435146443515;"Oosterhout";74,9;34;49,1;27,9;11,1;50,8;NA
"243";80,4;82,8;78,1;"Ooststellingwerf";8,9;6,5;114;2,25;50;65,1;170;20,2;25571;5,6;1428;"GM0085";21400;11,5;21;29,801724137931;"Ooststellingwerf";78,5;34,1;45,3;27,6;NA;43;160651
"244";84,6;85,4;83,5;"Oostzaan";7,8;12,5;824;2,35;351;65,2;262;5,4;9504;4,5;430;"GM0431";26600;7;20;27,1025641025641;"Oostzaan";78,4;31,8;49,9;31,3;8,7;56,3;62938
"245";82,1;84,6;79,6;"Opmeer";6,5;7;273;2,42;113;73,8;229;12,8;11336;4;456;"GM0432";23700;6,3;24;28,2553191489362;"Opmeer";77,5;33,8;55,1;28,4;7,6;54,7;61644
"246";81,7;83,6;79,8;"Opsterland";7,8;5,8;133;2,36;57;68,9;192;10,3;29830;4,9;1454;"GM0086";24000;10,7;16;27,9140625;"Opsterland";81,6;31,5;48,6;28,4;14,9;49,1;208623
"247";81,9;83,6;80,1;"Oss";8,8;17,1;552;2,29;238;62,4;204;14,4;90003;4,3;3838;"GM0828";22800;12,2;22;31,8324742268041;"Oss";72,1;37,3;44,5;27,8;13,2;51,9;667484
"248";82,5;83,8;81;"Oud-Beijerland";8,6;9,8;1273;2,4;531;66;221;15,5;23851;4,4;1055;"GM0584";23900;6,8;15;26,989898989899;"Oud-Beijerland";81,2;30,3;46;26,4;9,6;50;109476
"249";80,7;82,6;78,7;"Oude IJsselstreek";7;13,2;291;2,31;126;65,7;192;12,8;39657;5,2;2075;"GM1509";21800;10,4;20;28,3988439306358;"Oude IJsselstreek";76,8;33,2;40,4;30,8;8,7;54,2;234087
"250";82,2;84,2;79,9;"Ouder-Amstel";8,8;23,8;557;2,22;243;56,7;300;4,2;13411;5,4;722;"GM0437";25800;7;8;35,2542372881356;"Ouder-Amstel";82,6;33,7;54,4;33,4;10,4;56,5;206333
"251";81,8;84,3;79,2;"Oudewater";6,9;7,7;257;2,41;109;68,1;274;9,4;10049;4,6;458;"GM0589";25200;7,9;25;29,5853658536585;"Oudewater";83,1;26,6;49,4;27,6;10,8;50,7;46577
"252";82,4;83,4;81,4;"Overbetuwe";8,1;10,7;430;2,43;176;66,3;223;12,5;47002;3,6;1687;"GM1734";22100;7,7;17;25,4083769633508;"Overbetuwe";81,7;33,6;45,8;26,6;8,5;52,8;407446
"253";83,7;84,7;82,9;"Papendrecht";9,4;16,9;3425;2,29;1514;63,3;188;6,4;32248;4,6;1495;"GM0590";22400;9,5;17;29,4571428571429;"Papendrecht";77,4;31,3;45,6;25,3;18,2;45,4;170119
"254";82,4;83,9;80,9;"Peel en Maas";6,2;10,7;272;2,39;112;70,6;225;10,4;43316;4,4;1903;"GM1894";23600;7,6;18;25,6944444444444;"Peel en Maas";75,6;34,1;49,6;27,2;7,9;53,4;554065
"255";78,7;79,6;77,7;"Pekela";9,7;10,7;258;2,22;118;62,9;128;7,3;12641;4,7;589;"GM0765";20100;20;29;30,4642857142857;"Pekela";70,5;45,4;36,1;25,4;NA;38,3;97532
"256";83,1;84,5;81,6;"Pijnacker-Nootdorp";7,4;19,3;1391;2,56;540;69,4;264;6,9;51894;3,4;1739;"GM1926";23500;7,2;14;23,6582914572864;"Pijnacker-Nootdorp";77,7;32,3;51,4;30,8;7,9;57;444745
"257";81,6;82,8;80,1;"Purmerend";10,7;25;3444;2,21;1534;58,5;185;2,2;79889;4,8;3807;"GM0439";21600;11,7;17;32,7805555555556;"Purmerend";73,3;37,4;42,3;23,7;16,1;47,1;221787
"258";82,9;84,9;80,9;"Putten";6,6;8,2;288;2,47;113;66,8;291;11,8;24516;4,8;1178;"GM0273";23600;9,1;22;29,2105263157895;"Putten";79,1;34,3;48,4;27;10,1;56;176164
"259";83;84,6;81,5;"Raalte";5,8;5,9;215;2,4;89;67,4;227;15,8;36700;5,1;1880;"GM0177";23500;7,4;22;26,8116883116883;"Raalte";79,9;34,7;46,9;35,7;8,6;56,8;224693
"260";82,7;84,4;81;"Reimerswaal";6,5;12,7;219;2,53;88;67,3;185;14,6;22265;4,7;1041;"GM0703";26300;7,3;27;28,2840909090909;"Reimerswaal";78;26,7;48;19,2;7,6;40,4;628476
"261";81,4;82,6;80,1;"Renkum";9,6;14,7;680;2,11;318;61,2;243;8,7;31254;7,5;2352;"GM0274";23000;10,9;10;33,7236842105263;"Renkum";76,8;40;52,2;29,2;12,4;49,3;368778
"262";83,5;83,9;89,1;"Renswoude";5,6;5,8;274;2,69;102;73,2;274;11,8;5051;2,5;128;"GM0339";NA;6,7;26;22,6111111111111;"Renswoude";83,7;25,9;47,9;22,3;7,7;42,9;40253
"263";82,9;84,6;81,2;"Reusel-De Mierden";5,9;8;164;2,44;68;77,4;259;19,7;12811;3,8;483;"GM1667";26700;9,3;19;26,0961538461538;"Reusel-De Mierden";76;27,1;46,3;26,9;9,3;54,5;68823
"264";81,2;83,1;79,2;"Rheden";9,7;15,9;536;2,04;256;52,5;199;9,4;43824;7,6;3323;"GM0275";21600;13,5;17;37,8271028037383;"Rheden";75,2;36,8;49;30,7;8,1;49,7;221531
"265";83,6;85,6;81,6;"Rhenen";7,6;10,3;461;2,42;184;62,8;240;11,6;19400;5;976;"GM0340";23400;9,5;20;28,5;"Rhenen";78,6;32,3;49,3;24,2;10,9;48,6;NA
"266";83,3;85;81,4;"Ridderkerk";8,1;17,2;1902;2,2;872;53,4;186;5,7;45097;6,2;2813;"GM0597";21900;11,8;27;33,024154589372;"Ridderkerk";75,8;36,2;42,9;23,5;13,2;45,1;325996
"267";80,2;82;78,4;"Rijnwaarden";8,2;11,7;274;2,3;121;61,1;171;10,6;10866;3,9;426;"GM0196";22700;11;20;28,6170212765957;"Rijnwaarden";72,9;38,6;38,6;26,5;NA;41;NA
"268";82,7;84,4;80,7;"Rijssen-Holten";4,3;7,5;402;2,69;152;69,2;215;13,3;37875;4,7;1791;"GM1742";24300;6,3;21;23,7428571428571;"Rijssen-Holten";82,8;29,1;49,5;26,7;9,8;49,7;268802
"269";82,1;83,8;80,3;"Roerdalen";8,6;16,6;234;2,21;107;73,1;198;7,9;20686;5,3;1087;"GM1669";23900;10,8;23;28,1720430107527;"Roerdalen";70,9;40,5;41,6;26,7;10,9;46,7;127889
"270";80,4;82,3;78,3;"Roermond";11,4;28,2;937;2,07;446;53,3;174;2,6;57010;4,6;2622;"GM0957";20900;18,6;19;38,7179487179487;"Roermond";72,7;35,8;47,7;24,7;11,1;44,6;740643
"271";81;82,5;79,4;"Roosendaal";9,8;23,6;723;2,2;326;61,8;199;3,7;76960;4,8;3694;"GM1674";22300;14,9;18;32,9425287356322;"Roosendaal";71,3;31,2;46,3;26,7;14,4;47,1;519930
"272";80,1;82,1;78,1;"Rotterdam";11,7;49,8;2920;1,95;1443;34,5;148;2,8;629606;4,2;26160;"GM0599";19500;27,8;18;48,3740359897172;"Rotterdam";68,5;36,7;47,9;18;12,9;45,9;12132819
"273";79,3;80,8;77,9;"Rucphen";7,6;8,5;346;2,32;148;66;240;11,5;22276;4,2;946;"GM0840";24000;9,9;30;25,8;"Rucphen";66,6;34,5;45,9;21,7;17,8;36,8;147585
"274";82,8;84,7;80,9;"Schagen";8,8;10,5;275;2,28;118;68,3;219;17,9;46159;4,5;2088;"GM0441";23000;8,1;16;31,3383084577114;"Schagen";79,4;31,4;50,4;30,7;10,8;54,1;NA
"275";83,5;85,9;80,8;"Scherpenzeel";6,2;6,6;691;2,54;270;70,9;255;15,3;9529;4,2;397;"GM0279";NA;5,7;22;26,7368421052632;"Scherpenzeel";78,2;31,4;47,8;28,1;8,1;51,3;58678
"276";80,7;82,1;79,2;"Schiedam";10,6;39,6;4282;2,09;2041;48,1;146;2,3;77108;4,5;3490;"GM0606";20400;21,3;23;39,8729281767956;"Schiedam";68,4;38,6;44,2;24;11,4;41,6;406896
"277";82,4;85,4;79,5;"Schinnen";8,2;15,5;539;2,25;246;70,4;190;7;12960;5,6;730;"GM0962";22000;9,3;18;26,7543859649123;"Schinnen";76,9;33,7;44,5;19,8;NA;48,5;NA
"278";82,3;85,1;79,6;"Schouwen-Duiveland";9;9;147;2,18;73;64,5;227;26,8;33735;6,4;2169;"GM1676";23300;10;19;31,9294871794872;"Schouwen-Duiveland";72,6;33,8;50,7;27,6;10,4;43,8;291598
"279";81,7;83,3;79,9;"'s-Hertogenbosch";9,8;19,5;1372;2,12;631;51,8;228;5,9;151608;3,9;5960;"GM0796";21700;12,9;14;37,9058988764045;"'s-Hertogenbosch";76,3;31;51,9;24,6;11,1;53,5;954927
"280";81,8;83,5;80,1;"Simpelveld";8,4;17,7;670;2,17;326;61,1;160;7;10741;5,5;596;"GM0965";23600;8,8;15;29,82;"Simpelveld";71,7;34,5;43;17;10,1;44,5;NA
"281";85,1;86,1;84;"Sint Anthonis";5,4;6;117;2,47;48;75;253;9,9;11594;5,9;682;"GM1702";28700;6,9;12;24,2708333333333;"Sint Anthonis";76,1;32,9;55,7;33;6,5;59,7;80477
"282";81,5;83;79,9;"Sint-Michielsgestel";6,7;7,7;486;2,42;201;73,9;287;9,6;28403;4,9;1404;"GM0845";24200;6,9;22;26,8620689655172;"Sint-Michielsgestel";80,2;28,3;53,6;29,9;9,3;57,3;124698
"283";80,5;82,5;78,5;"Sittard-Geleen";11,2;21,7;1184;2,05;583;57,1;157;4,1;93555;5,6;5285;"GM1883";21600;15,8;18;37,6057268722467;"Sittard-Geleen";68,9;38,8;45,5;23,3;13,8;47,1;NA
"284";79,8;81,3;78,3;"Sliedrecht";7,2;13,3;1946;2,34;836;54,4;174;1,5;24968;5,4;1356;"GM0610";23000;8,6;20;30,3240740740741;"Sliedrecht";78,5;28,4;45,3;21,8;NA;39;142916
"285";81,7;82,7;80,6;"Slochteren";7,6;6,5;104;2,36;45;72,6;188;13,3;15698;3,7;581;"GM0040";21800;8,7;14;25,7575757575758;"Slochteren";74,5;38;44;21,3;11,4;43,5;NA
"286";81,7;83,6;79,8;"Sluis";9,4;25,8;85;2,07;50;65;184;8;23639;6,9;1633;"GM1714";23900;10,9;21;34,8684210526316;"Sluis";69;35,7;42,9;26;10,2;39,1;186434
"287";81,9;84,4;79,3;"Smallingerland";9,2;10,3;471;2,23;216;58,1;158;3,8;55439;4,8;2676;"GM0090";20200;13,4;19;33,36;"Smallingerland";80,2;33,2;45,7;30,6;7;46,1;354614
"288";82,4;83,6;81,1;"Soest";9,6;20,3;984;2,25;439;62,3;266;5,5;45487;5,5;2518;"GM0342";22900;10,6;12;33,128078817734;"Soest";76,4;34,9;52,7;30,1;9,5;52,5;229509
"289";82;84,1;80;"Someren";6,2;9,1;236;2,39;97;69,3;254;12,6;18914;4,5;846;"GM0847";25300;9,7;25;27,3333333333333;"Someren";75,7;30,8;46,9;28,4;6,8;52,6;210656
"290";84,2;85,2;83;"Son en Breugel";8,4;11,9;633;2,36;266;71,4;283;8,1;16425;6,8;1114;"GM0848";24100;7,9;15;27,1449275362319;"Son en Breugel";78;27,3;50,6;31,4;10,7;59,6;NA
"291";80,4;82,3;78,5;"Stadskanaal";8,9;8,6;277;2,18;130;58,9;136;5,6;32621;6,1;1982;"GM0037";19700;16,2;23;32,4026845637584;"Stadskanaal";71,1;44,9;36,9;22,6;11;35,8;153424
"292";82,4;84,9;80,1;"Staphorst";3,3;3,5;123;2,92;42;75,7;241;8,9;16544;3,5;580;"GM0180";25900;5,9;26;22,0909090909091;"Staphorst";83,3;27,7;55,8;20,2;8,2;45,4;178883
"293";82,1;83,4;80,7;"Stede Broec";8,2;11,8;1477;2,36;620;69,1;184;14,9;21493;3,4;729;"GM0532";22000;10,1;27;26,9777777777778;"Stede Broec";75,9;34;47,9;31,2;8,5;51,4;91096
"294";81,7;84,1;79,4;"Steenbergen";8,3;11,4;160;2,24;68;65,7;200;14,3;23477;4,7;1108;"GM0851";23400;9,2;22;31,4174757281553;"Steenbergen";73,3;30,9;38,9;22,5;8;44,4;390399
"295";81,7;82,9;80,4;"Steenwijkerland";8,1;7,8;150;2,29;68;62,9;188;16,8;43333;5,2;2240;"GM1708";21900;11,1;18;30,0631578947368;"Steenwijkerland";76,2;37,7;48,4;24,9;13,9;44,5;263695
"296";82,2;83,8;80,6;"Stichtse Vecht";9,2;17,3;666;2,31;286;64;267;8;64061;4,1;2652;"GM1904";24100;7,6;18;30,9094202898551;"Stichtse Vecht";77,7;32,9;48,7;29;10,4;52,8;514303
"297";82,6;84,7;80,4;"Strijen";7,9;8;174;2,3;78;67,7;214;13,2;8766;4,4;382;"GM0617";24300;7;23;26,6578947368421;"Strijen";79;31;42,9;25,1;NA;44,3;75530
"298";78,5;82,4;75;"Ten Boer";7,6;6,7;162;2,42;67;76,6;165;11,3;7352;5,3;387;"GM0009";NA;9,8;17;25,0645161290323;"Ten Boer";81,1;35,6;39,6;27,2;NA;45,7;46021
"299";81,5;83,7;79,3;"Terneuzen";10,4;24,9;218;2,13;106;67,4;158;6,4;54657;5,9;3205;"GM0715";22600;12,5;25;34,0944881889764;"Terneuzen";70,2;35,2;45,7;25,8;9,7;42;NA
"300";81,2;82,7;80,2;"Terschelling";8,4;6,8;58;1,88;27;61,3;295;63,7;4870;4,8;234;"GM0093";NA;8,1;16;48,12;"Terschelling";85;31,8;50,3;40,4;NA;49,2;45779
"301";80,8;82,2;79,3;"Texel";9,2;9,9;84;2,14;40;65,7;262;16,7;13574;4,8;646;"GM0448";23300;11;25;34,3333333333333;"Texel";79;36,3;52;33,6;11,7;43,6;115672
"302";82;83,3;80,6;"Teylingen";8;14,6;1266;2,36;526;64,2;281;7;36013;4,9;1779;"GM1525";24900;6;13;28,5364238410596;"Teylingen";83,6;26,6;51,8;29,4;18,6;60,4;195271
"303";81,8;84,3;79,4;"Tholen";7,2;8,3;173;2,46;72;68,6;183;18,1;25421;4,3;1083;"GM0716";23300;7,9;24;28,2330097087379;"Tholen";78,3;31,6;43,7;23,1;13,6;41,8;202568
"304";80,8;82,4;79,1;"Tiel";10;24,2;1262;2,31;538;55,3;190;2,5;41510;3,6;1475;"GM0281";21600;15,3;23;30,7222222222222;"Tiel";70,6;36,6;45,6;25,9;12,7;46,1;336625
"305";80,3;81,9;78,6;"Tilburg";9,3;25,5;1817;2;817;51,4;182;3,7;212941;3,7;7871;"GM0855";20800;16,8;17;45,0884615384615;"Tilburg";73,1;31,4;49,6;22,8;11,7;53,7;1282794
"306";81,6;84;79,2;"Tubbergen";3,7;4,6;144;2,66;56;71,4;238;13,9;21120;4,3;898;"GM0183";25400;5,4;20;23,5125;"Tubbergen";81,5;30,2;53,4;28,8;7;55,7;126737
"307";80,5;81,8;79,1;"Twenterand";5,7;4,8;318;2,58;128;64,5;196;13,8;33846;3,8;1283;"GM1700";22200;10;25;23,5151515151515;"Twenterand";78,4;34,5;40,5;27,1;11,5;48,8;176048
"308";81,8;83,2;80,2;"Tynaarlo";8,8;7,8;229;2,3;97;74,2;237;11,1;32804;6,3;2078;"GM1730";24100;7,4;12;26,2671232876712;"Tynaarlo";79,9;30,8;51,8;29,6;11,2;51,9;199115
"309";81,2;83;79,3;"Tytsjerksteradiel";7,2;6,4;215;2,34;91;71,2;183;14;32077;5;1604;"GM0737";21300;9,7;17;28,7794117647059;"Tytsjerksteradiel";80,2;34,8;47,3;27,8;10,3;44,3;245142
"310";82;82,9;80,9;"Uden";9,3;15,7;615;2,28;270;62,6;223;3,4;41247;4,5;1842;"GM0856";22900;11,8;20;30,9888268156425;"Uden";76,3;33,1;49,8;34,4;8,3;54,3;294147
"311";83,5;84,4;82,5;"Uitgeest";7,5;11,4;697;2,4;289;70,3;240;7,8;13360;3,6;485;"GM0450";23300;6,7;14;26,9818181818182;"Uitgeest";83,7;25,8;55,1;28,9;13,3;60,8;85192
"312";84;85,9;82;"Uithoorn";9,6;23,1;1601;2,27;704;57,7;222;9,8;29181;4,6;1343;"GM0451";23500;10,3;18;32,168;"Uithoorn";79,3;33,4;47,6;26,6;10,9;57,6;257366
"313";80,4;84,1;77;"Urk";2,4;3,3;1737;3,33;539;78;194;11,4;19987;1,8;354;"GM0184";26100;6,5;29;18,5762711864407;"Urk";83,8;20,1;48;16,6;NA;45,4;89191
"314";81,9;83,2;80,3;"Utrechtse Heuvelrug";8,3;14,9;367;2,22;161;62,4;306;10,1;48506;6,8;3284;"GM1581";25700;8,2;12;33,8394495412844;"Utrechtse Heuvelrug";78,6;34;52,8;31,6;8,9;52,2;360128
"315";79,2;80,1;78,3;"Vaals";11;48,7;403;1,92;219;46,4;148;14,2;9632;6,1;592;"GM0981";19600;23;14;41,7916666666667;"Vaals";66,6;38,8;46,6;14,5;NA;45,6;NA
"316";80,7;82,4;79;"Valkenburg aan de Geul";9,7;14,4;450;2,08;222;57,9;198;9,4;16518;7;1149;"GM0994";22500;12,7;18;34,2469135802469;"Valkenburg aan de Geul";71,3;36,8;48,9;17,9;8,7;44,1;104510
"317";81,7;83,7;79,7;"Valkenswaard";9,8;13,3;551;2,17;260;60;240;7,9;30262;6;1804;"GM0858";22400;11,6;23;32,85;"Valkenswaard";72,3;33,8;50;33,1;12,6;55,6;166648
"318";80,1;82,6;77,6;"Veendam";9,9;12,1;361;2,19;167;64,4;141;13,7;27467;5,2;1442;"GM0047";20500;15,4;25;31,8730158730159;"Veendam";74,2;38,1;39,9;25,9;14,3;39,5;NA
"319";82,4;83,7;80,9;"Veenendaal";7,9;17,2;3275;2,39;1370;58,9;205;8,4;63816;3,9;2519;"GM0345";22500;11,6;19;29,9849056603774;"Veenendaal";76,5;33,6;48,2;26,8;11,5;51;291905
"320";83,3;84,7;81,8;"Veere";6,8;8,5;165;2,3;82;75,9;257;11,6;21960;5,8;1278;"GM0717";25000;7,3;19;28,2708333333333;"Veere";78,2;29,7;51,4;35,2;9,3;48,1;128092
"321";83,2;85,1;81,1;"Veldhoven";8,8;15,4;1397;2,26;608;67,2;251;3,1;44317;5;2202;"GM0861";24400;9,2;14;30,5204081632653;"Veldhoven";74,7;27,2;48,1;29,1;11,1;56,6;309407
"322";81,3;82,9;79,6;"Velsen";10,1;17,5;1506;2,19;683;54;218;3,8;67448;5,5;3689;"GM0453";22900;11,7;21;34,8474025974026;"Velsen";74,8;33,7;46,6;29,7;9,2;52,5;2536126
"323";81,7;83,3;79,9;"Venlo";10,1;26,8;807;2,13;373;58,3;176;3,9;100371;5,1;5099;"GM0983";21100;17,1;22;36,176724137931;"Venlo";72,6;35;46,1;31,1;15,2;47,6;985728
"324";82,2;83,7;80,5;"Venray";8,4;19,2;265;2,3;115;61,6;205;3,7;43291;4,1;1759;"GM0984";23000;12,8;19;29,7872340425532;"Venray";74,3;35,9;48,4;30,3;7,6;52,9;NA
"325";81,6;82,2;80,8;"Vianen";8;15,9;498;2,39;211;62,1;216;7,1;19513;4,3;832;"GM0620";23000;9,4;19;26,5731707317073;"Vianen";75,9;34,7;43,1;28,5;8,9;48,7;249035
"326";81,7;83,8;79,4;"Vlaardingen";10,5;28,6;3038;2,07;1471;45,4;159;3,7;71808;5,8;4129;"GM0622";20900;19;22;39,7485380116959;"Vlaardingen";70,4;38,5;45,5;22,8;9,4;45,1;301778
"327";81,1;84;78,2;"Vlagtwedde";8,4;11,9;98;2,1;46;63,5;166;16,9;16422;6;988;"GM0048";21100;14,5;23;34,0555555555556;"Vlagtwedde";73,2;38,8;36,3;25,2;18,1;37,2;NA
"328";80,5;82,4;78,6;"Vlissingen";11,5;24,5;1298;1,99;655;55,5;149;2,4;44451;5,6;2500;"GM0718";21100;15,8;22;42,5248868778281;"Vlissingen";67,9;36,9;45,8;32;15,1;43,7;578962
"329";83,4;86,7;80,2;"Voerendaal";8,5;13,5;396;2,23;182;68,7;208;5,7;12482;5,7;715;"GM0986";25500;10,3;15;27,1636363636364;"Voerendaal";72;40;48,1;19;16,1;48,2;NA
"330";84;85,5;82,2;"Voorschoten";8,8;21;2258;2,28;1004;62,9;284;5,7;25211;6,4;1610;"GM0626";24100;7,9;11;31,9090909090909;"Voorschoten";79,5;38;53,9;32,8;8,8;56,9;79448
"331";82,2;83,4;80,9;"Voorst";6,3;7,6;195;2,37;83;64;254;9,2;23984;5,5;1327;"GM0285";25000;6,3;16;25,126213592233;"Voorst";80;36;46,7;31,4;9,9;57,2;193944
"332";80;81,1;78,8;"Vught";9;13,2;775;2,27;336;59,4;310;5,3;25973;5,8;1519;"GM0865";21900;7,7;13;30,5982905982906;"Vught";77,3;29,2;50,7;31,7;7,2;57,5;159994
"333";83,6;85,5;81,6;"Waalre";8,6;15,1;760;2,31;338;74,2;298;4,8;17023;6,6;1124;"GM0866";24600;7,5;14;29,2602739726027;"Waalre";76,7;29,7;57,3;32,6;9,7;56,7;92419
"334";81,5;83,3;79,5;"Waalwijk";8,7;16,2;728;2,24;324;59;209;3,1;47021;4,6;2163;"GM0867";22700;10,4;23;31,0917874396135;"Waalwijk";75,4;31,7;45,7;26,9;16,1;50,6;372605
"335";84,2;86,4;81,8;"Waddinxveen";7,6;15,4;933;2,36;402;58,8;202;6,6;26072;4,7;1234;"GM0627";24500;7,2;16;28,7592592592593;"Waddinxveen";77,9;36,8;47,3;26,8;10,3;45,2;326421
"336";79,9;81;78,5;"Wageningen";6,7;24,8;1244;1,73;646;35,9;235;7,2;37837;4,4;1681;"GM0289";21700;11,3;8;64,2051282051282;"Wageningen";78,9;34,6;61,6;29,1;8,3;65,6;187489
"337";82,7;83,7;81,6;"Wassenaar";9,2;32,4;506;2,23;239;55;478;6,5;25885;7,7;2001;"GM0629";24900;10,3;13;35,8761061946903;"Wassenaar";79,2;33,5;52,7;34,4;9,3;52,5;167409
"338";84,4;86,1;82,7;"Waterland";7,3;12;332;2,31;140;66,6;267;9,8;17304;5;857;"GM0852";25500;5,5;11;29,5066666666667;"Waterland";79,8;30,6;49,7;30,5;7,4;58,2;94032
"339";82;83,7;80,3;"Weert";8,9;20,2;470;2,21;216;63,6;204;2,6;49100;5,2;2555;"GM0988";23000;11,9;20;32,8818181818182;"Weert";75,7;32,7;48,7;31;7,9;47,5;375754
"340";81,4;82,6;80;"Weesp";9,9;25,9;815;2,1;379;53,8;224;9,5;18572;5,1;946;"GM0457";23000;12,2;19;38,8181818181818;"Weesp";73,5;34,5;55,4;27;11,7;55,4;120020
"341";82,6;84,4;80,6;"Werkendam";5,9;5,9;260;2,5;103;65,7;227;10,8;26527;4,1;1082;"GM0870";25700;7,4;24;25,1333333333333;"Werkendam";80;29,7;45;24,9;12,7;41,1;256473
"342";81,7;83,2;80;"West Maas en Waal";7,7;7,4;242;2,34;103;69,8;238;14,3;18693;4,4;823;"GM0668";24000;9,1;22;28,025641025641;"West Maas en Waal";80,3;30,4;46,6;23,2;7,1;49,8;130554
"343";81,4;82,9;80;"Westerveld";7,9;6;68;2,22;30;71,6;241;18,7;18940;6,5;1233;"GM1701";24100;9,7;15;29,8117647058824;"Westerveld";75,8;35,5;45,2;28,3;12,1;45,2;138841
"344";80,7;82,6;78,8;"Westervoort";10,7;17;2135;2,27;936;57,1;172;7,9;15001;3,7;553;"GM0293";21800;17,2;18;28,1363636363636;"Westervoort";75,8;36;42,1;28,4;11,7;51,6;40161
"345";82,9;84,7;81;"Westland";6,9;13,9;1292;2,35;525;66,2;237;8,3;104960;4,3;4492;"GM1783";24300;9,4;18;30,876993166287;"Westland";79,2;32,6;51,5;32,8;9,4;53,5;2632757
"346";80,8;83,7;78;"Weststellingwerf";8,3;7,4;116;2,26;52;61;173;16,5;25520;5,8;1482;"GM0098";22000;11,8;20;30,9380530973451;"Weststellingwerf";75,6;36;45,8;25,6;8,5;42,8;175105
"347";82,4;84,9;80;"Westvoorne";8,6;10,7;267;2,19;127;70,7;292;20,2;14197;6,9;983;"GM0614";26800;7,6;15;30,8412698412698;"Westvoorne";78,2;35,3;46,7;35,2;NA;47,8;176562
"348";82,1;83,8;80,3;"Wierden";5;6,9;253;2,58;100;73,6;235;7,2;23952;4,4;1063;"GM0189";25200;6,3;14;23,5217391304348;"Wierden";83,8;25,9;46,8;31,1;10,1;56,5;168498
"349";82,3;83,8;80,7;"Wijchen";8,4;11,8;616;2,35;265;66,2;221;9,8;40814;3,9;1573;"GM0296";22600;9,4;16;27,88;"Wijchen";76,3;36,6;44,4;29,4;10,7;53;260707
"350";82,3;84,1;80,4;"Wijdemeren";9,4;12,7;489;2,25;218;66,7;325;8,7;23275;5,5;1289;"GM1696";23700;8,3;16;31,4411764705882;"Wijdemeren";77,8;30,5;50,5;28,5;7,3;53,6;111760
"351";82,3;84;80,6;"Wijk bij Duurstede";9;11,2;491;2,38;207;67,6;249;14,7;23384;3,1;731;"GM0352";24200;7,2;17;27,2291666666667;"Wijk bij Duurstede";81,4;31,2;47,5;29,6;7,4;52;98231
"352";80;82,8;77,4;"Winsum";8,1;7;135;2,3;60;69,3;165;15,9;13633;4,4;595;"GM0053";21900;8,9;16;29,4;"Winsum";78,8;37,2;50,5;28,4;8;46,5;62120
"353";82,1;84,2;79,9;"Winterswijk";7,7;14,5;210;2,24;93;68,7;169;2,8;28939;5,5;1605;"GM0294";23500;11,9;21;32,046875;"Winterswijk";75,3;38,6;47,8;33,7;11,1;53,3;161928
"354";82,1;84,3;79,9;"Woensdrecht";8,3;21;237;2,27;105;71,3;218;10,9;21682;4,5;969;"GM0873";23800;10;17;27,4574468085106;"Woensdrecht";73,7;29,1;43,2;26,9;14,5;51,3;NA
"355";82,7;84,4;80,8;"Woerden";7,7;13,9;573;2,38;240;65,9;247;3,5;51161;3,8;1951;"GM0632";23900;7,7;14;29,6291079812207;"Woerden";79,8;30,8;52,4;29,5;8,5;56,7;473080
"356";83,4;85,2;81,5;"Wormerland";8,5;12,2;406;2,28;173;61,9;219;6,9;15664;4,9;769;"GM0880";22200;9,6;17;30,1159420289855;"Wormerland";79,6;33,7;48,3;31;6,5;55,1;146719
"357";82;84,2;79,8;"Woudenberg";6,1;8,7;344;2,55;134;69,6;270;11,9;12550;4,6;574;"GM0351";26100;6,8;16;25,76;"Woudenberg";80,4;28,4;51,5;26,7;6,6;45,1;NA
"358";81,8;83,1;80,5;"Woudrichem";6,8;6,4;294;2,46;120;65,7;238;13,1;14518;4,2;617;"GM0874";24900;6,4;24;24,6206896551724;"Woudrichem";75,3;29,1;50;25,2;10,8;50,3;94486
"359";80,7;82,8;78,7;"Zaanstad";10,6;29,6;2064;2,21;906;53,2;174;5;152466;4;6124;"GM0479";21900;14,9;20;34,7379209370425;"Zaanstad";74,1;36,2;47,2;26,3;11;48,3;897594
"360";81,4;83,2;79,4;"Zaltbommel";7,2;11,5;346;2,52;138;66,6;228;15,9;27543;3,7;1028;"GM0297";23100;8,6;21;26;"Zaltbommel";76,8;33,7;44,1;22,8;10,9;44,8;NA
"361";79,3;80,9;77,5;"Zandvoort";13,3;20,7;523;1,96;294;51,5;251;9,8;16792;6,5;1085;"GM0473";22400;16,1;19;41,5697674418605;"Zandvoort";74,6;37,4;48,5;26,4;NA;48,9;71473
"362";82;82,7;81,2;"Zederik";5,1;4,4;187;2,56;75;69,4;246;12,4;13718;4,4;605;"GM0707";26600;5,5;21;25,1132075471698;"Zederik";79,5;30,4;53;23;9,4;43,4;149521
"363";84,6;87,9;81,8;"Zeewolde";9;16,6;89;2,42;33;66,6;229;13,2;22113;2,3;513;"GM0050";21900;8,8;11;31,3882352941176;"Zeewolde";78,1;31,7;51,4;22,8;NA;53,1;209565
"364";81,1;82;79,9;"Zeist";9,7;23,1;1283;2,13;576;50,2;284;3,2;62258;5,9;3652;"GM0355";24300;11,8;13;40,1030927835052;"Zeist";78,4;34,4;51,2;31,6;7,8;55,3;357263
"365";81,6;83,7;79,4;"Zevenaar";9,5;14,9;606;2,19;276;61,2;182;3,4;32269;4,9;1569;"GM0299";21800;11,5;19;31,7534246575342;"Zevenaar";74,3;36,3;46,5;29,9;10,1;52,5;NA
"366";82,6;84,3;80,8;"Zoetermeer";11,3;30,1;3597;2,24;1605;52,9;186;3,4;124107;3,5;4402;"GM0637";21600;16,7;15;33,0859232175503;"Zoetermeer";73,1;38,5;44,7;23,8;13,6;50,6;533580
"367";81,7;84,3;79,2;"Zoeterwoude";6,8;11,3;382;2,38;158;72,2;273;5,6;8119;4,5;366;"GM0638";23300;5,1;20;25,4857142857143;"Zoeterwoude";82,4;31,4;46,9;34,7;8,6;52,7;115755
"368";80,6;81,9;79,2;"Zuidhorn";6,8;6,7;150;2,45;62;73,6;182;15,9;18794;3,8;722;"GM0056";23100;6,7;14;26,2467532467532;"Zuidhorn";80,2;32,8;49,2;26,5;9,8;47,8;NA
"369";83,2;84,7;81,6;"Zuidplas";7,8;14,8;686;2,43;281;66;223;7,1;40937;3,8;1542;"GM1892";24600;7,9;19;26,0828402366864;"Zuidplas";81,3;34,6;49,2;27,3;6,5;52;529608
"370";81,9;84,3;79,7;"Zundert";6,2;16;178;2,26;76;73,5;280;13,7;21488;5,4;1160;"GM0879";26300;9,4;23;31,4239130434783;"Zundert";72,2;28,3;43,2;24,6;9,7;50;NA
"371";80,8;82;79,3;"Zutphen";11,6;16,2;1147;2,14;530;54,2;180;2,7;46997;4,6;2169;"GM0301";20400;14,3;16;35,8045454545455;"Zutphen";75,2;35,7;46,2;32;9,1;52,3;241143
"372";82,4;83,5;81,1;"Zwartewaterland";4,8;5,1;269;2,66;105;69;190;15,1;22278;3,4;751;"GM1896";20600;5,9;25;24,9397590361446;"Zwartewaterland";83;30;47,3;26;15,4;47,2;197806
"373";82;83,6;80,3;"Zwijndrecht";9,4;20,4;2185;2,21;1003;54,5;167;2,8;44454;5,8;2572;"GM0642";21500;15,5;22;33,1940298507463;"Zwijndrecht";72,1;37,3;45,9;27,1;NA;47,6;309940
"374";81,4;83;79,8;"Zwolle";8,7;16;1122;2,13;498;52,4;203;4,4;124896;3,8;4744;"GM0193";21600;11,2;12;39,0034542314335;"Zwolle";77;33,8;55,6;27,6;9,3;53,8;777222
